"x(m)","y(m)","Re[Ez]","Im[Ez]"
-0.086,-0.258,-0.003698402234453256,-0.001706662734195355
-0.086,-0.24940000000000004,-0.0038587132588572097,0.004673003536101762
-0.086,-0.2408,0.003005830228010597,0.00400597718400614
-0.086,-0.2322,0.0045106072346671475,-0.0022878253307821376
-0.086,-0.2236,-0.0007317022681857124,-0.002110192098656396
-0.086,-0.21500000000000002,-0.0008737287644632899,0.0002727696035823143
-0.086,-0.20640000000000003,0.0013988384740169994,-0.0026107439663838722
-0.086,-0.1978,-0.0027739088830753137,-0.002085600716459377
-0.086,-0.1892,-0.0043879856111135405,0.004627720028162953
-0.086,-0.18059999999999998,0.0021483384064077678,0.004564819295399691
-0.086,-0.172,0.003748316711219877,-0.002136835879703868
-0.086,-0.16340000000000002,-0.0012576867709872491,-0.0016326333263117188
-0.086,-0.1548,0.000048310851731411376,0.0015056051162256941
-0.086,-0.14620000000000002,0.0033173987938501515,-0.002995435922376167
-0.086,-0.1376,-0.002574431760592465,-0.004917092452146165
-0.086,-0.129,-0.0064590887432411604,0.0019093588083530348
-0.086,-0.12040000000000002,-0.000052168914372946106,0.0037818501938169293
-0.086,-0.1118,0.002345606538696087,-0.0006533140728058449
-0.086,-0.10319999999999997,-0.0026160763956627753,0.002384602342541847
-0.086,-0.09459999999999999,0.0007081747929781021,0.006853408675439575
-0.086,-0.086,0.007565813069974518,0.0006410200594386877
-0.086,-0.07740000000000002,0.0029376163105986116,-0.0031852230774790332
-0.086,-0.06880000000000001,-0.0012553822538769503,0.003731126820713928
-0.086,-0.06019999999999999,0.006548920240860432,0.003896759012788518
-0.086,-0.05159999999999999,0.00828851844295942,-0.006106348092004055
-0.086,-0.04300000000000001,-0.0028197877081312774,-0.005747277646292352
-0.086,-0.034400000000000014,-0.004577671993784792,0.005010532668431408
-0.086,-0.02579999999999999,0.007255257953910061,0.005829331757811078
-0.086,-0.017199999999999965,0.01253107658087815,-0.0025359222650087657
-0.086,-0.008599999999999969,0.009877843534045872,-0.0072475830017260335
-0.086,-2.7755575615628914e-17,0.010599478961024282,-0.0049152712483446544
-0.086,0.008600000000000038,0.007006114317328332,0.0059390677030512935
-0.086,0.017199999999999993,-0.005383094693629037,0.007816615273212755
-0.086,0.02579999999999999,-0.008204641189166953,-0.005170596383109503
-0.086,0.034400000000000014,0.0019564950050087685,-0.007890413253117718
-0.086,0.04299999999999998,0.0026541193507669987,0.0033102772904976046
-0.086,0.05160000000000002,-0.0057030107051336066,0.0020052628694342024
-0.086,0.06019999999999999,-0.002684319513982865,-0.008135774736050084
-0.086,0.06879999999999999,0.0052746102953237905,-0.004161046725868897
-0.086,0.07740000000000001,0.0020627982260790906,0.003558249418194986
-0.086,0.086,-0.001597944708146529,-0.002404406057762811
-0.086,0.09460000000000002,0.004461235811414982,-0.005686615913049563
-0.086,0.10320000000000001,0.005544099217497493,0.0043475011138174174
-0.086,0.11179999999999998,-0.001532134827547392,0.006592451538897826
-0.086,0.12040000000000001,-0.0018989048276897233,-0.0010014971631395978
-0.086,0.129,0.001291406688128816,0.0005828173082160163
-0.086,0.1376,-0.003305602383571572,0.005326287808983471
-0.086,0.1462,-0.005988796460278587,-0.0021227894595212847
-0.086,0.15480000000000002,0.0007690425355265195,-0.0076106535150833755
-0.086,0.16340000000000002,0.00426326593470524,-0.0007580167457793113
-0.086,0.172,0.001027783896762241,0.0021827163740752538
-0.086,0.1806,0.0015543683052281494,-0.002000222342791463
-0.086,0.1892,0.002749819265604082,0.001334675503114007
-0.086,0.19780000000000003,-0.002581194042008048,0.00608669984881809
-0.086,0.20640000000000003,-0.00535207291759818,-0.0005917785741407887
-0.086,0.21499999999999997,0.00039059283229249804,-0.006236710942817674
-0.086,0.22360000000000002,0.0037503162508877672,-0.0007953219830528534
-0.086,0.2322,0.0008245636504497232,0.0027691632037055935
-0.086,0.24080000000000004,0.00013051245656057724,-0.000717643881676367
-0.086,0.2494,0.0012844574747221886,-0.00035367457249609925
-0.0774,-0.258,-0.0006678066046286846,0.00006082602120234237
-0.0774,-0.24940000000000004,-0.0016335820033331226,0.003569536128796869
-0.0774,-0.2408,0.0032555196139412313,0.0004525237625185408
-0.0774,-0.2322,0.003141796291320146,-0.0052160082441889384
-0.0774,-0.2236,-0.004055779975378342,-0.0016686782197056589
-0.0774,-0.21500000000000002,-0.0042896583176389655,0.004327007404605501
-0.0774,-0.20640000000000003,0.0021514442838613573,0.0015349255594458943
-0.0774,-0.1978,0.001796339825919269,-0.0013517254905920544
-0.0774,-0.1892,-0.0008720177123651066,0.002339080696539033
-0.0774,-0.18059999999999998,0.0033711733445938477,0.001833507575959241
-0.0774,-0.172,0.003934434324339498,-0.004677849030265855
-0.0774,-0.16340000000000002,-0.0035595060788749374,-0.004112246428723887
-0.0774,-0.1548,-0.00490966186803203,0.001740942502695663
-0.0774,-0.14620000000000002,0.000664158890717972,0.0012785807725678782
-0.0774,-0.1376,-0.0008556854340019981,-0.00044735436937377973
-0.0774,-0.129,-0.0040760278317606225,0.0033331844160821343
-0.0774,-0.12040000000000002,0.001893680712267369,0.0033912870171052393
-0.0774,-0.1118,0.005972467891658752,-0.0022183731889845013
-0.0774,-0.10319999999999997,0.00047142065128253345,-0.0020325463880424355
-0.0774,-0.09459999999999999,0.00014149932313489152,0.0015976561675317903
-0.0774,-0.086,0.00640811313761835,-0.003032180522261679
-0.0774,-0.07740000000000002,0.002440513334554519,-0.008351557421790355
-0.0774,-0.06880000000000001,-0.0059258189257629075,-0.0031273682616491053
-0.0774,-0.06019999999999999,-0.0006644890795038052,0.002004733404550387
-0.0774,-0.05159999999999999,0.007234545871888472,-0.0029103522170935707
-0.0774,-0.04300000000000001,-0.00012405918078807867,-0.008100570080559897
-0.0774,-0.034400000000000014,-0.01048855659873446,-0.003786156557135984
-0.0774,-0.02579999999999999,-0.007242909344229384,0.00484913909073298
-0.0774,-0.017199999999999965,0.0016167613099743279,0.010913291557846793
-0.0774,-0.008599999999999969,0.004128544413440026,0.01185201127557062
-0.0774,-2.7755575615628914e-17,0.0012947202112175613,0.010680310006018774
-0.0774,0.008600000000000038,-0.005135515097030606,0.00891998643374365
-0.0774,0.017199999999999993,-0.008945324568595479,0.0017621672962809512
-0.0774,0.02579999999999999,-0.0017831698739734449,-0.006142747159818116
-0.0774,0.034400000000000014,0.006810036548836336,-0.00017325132355422643
-0.0774,0.04299999999999998,0.0006644257148664678,0.010203389802875521
-0.0774,0.05160000000000002,-0.008404993606499338,0.004181977599510216
-0.0774,0.06019999999999999,-0.003622328697316484,-0.00547347452822222
-0.0774,0.06879999999999999,0.0021653404492012755,-0.00003220986576839597
-0.0774,0.07740000000000001,-0.003863261160934843,0.005063521188117254
-0.0774,0.086,-0.006897049941476785,-0.003864018178124305
-0.0774,0.09460000000000002,0.0008125075768415102,-0.00781189962551844
-0.0774,0.10320000000000001,0.0026754581575263595,0.0003114923887122407
-0.0774,0.11179999999999998,-0.001236684779792998,0.0006097174327738579
-0.0774,0.12040000000000001,0.0025837909411082997,-0.005455204113344127
-0.0774,0.129,0.00635385375964324,0.000524800096386675
-0.0774,0.1376,-0.0002984214550871942,0.007740599651037614
-0.0774,0.1462,-0.004574786116046671,0.001435637645795977
-0.0774,0.15480000000000002,0.00008857481027288053,-0.0028603689151200625
-0.0774,0.16340000000000002,-0.0002953733619528523,0.0022225586577295704
-0.0774,0.172,-0.004408204197094503,-0.00013851895580898108
-0.0774,0.1806,0.0007888452650506673,-0.0071986874300949575
-0.0774,0.1892,0.006942235515200685,-0.000819522693454109
-0.0774,0.19780000000000003,0.001583961926804968,0.007781300648916755
-0.0774,0.20640000000000003,-0.004497167219427172,0.0022443412593920937
-0.0774,0.21499999999999997,-0.001532995591082786,-0.004088945843933463
-0.0774,0.22360000000000002,0.000313839527779929,0.00012983590912714094
-0.0774,0.2322,-0.0018992492131950291,0.0010735421658128125
-0.0774,0.24080000000000004,0.0007952523465835486,-0.004309874641118157
-0.0774,0.2494,0.004856488521174661,-0.002657615934197182
-0.0688,-0.258,0.003592071488616101,-0.0030964873358002463
-0.0688,-0.24940000000000004,-0.0022330726747905763,-0.0024123566769247992
-0.0688,-0.2408,-0.00029065381334813525,0.00002906068469921812
-0.0688,-0.2322,0.0011644204685690477,-0.0016954016249778217
-0.0688,-0.2236,-0.0036136746082499425,-0.00007290729586006535
-0.0688,-0.21500000000000002,-0.0025196869121727364,0.005542631737272956
-0.0688,-0.20640000000000003,0.005023683505526733,0.0035654788410392573
-0.0688,-0.1978,0.00396682410994694,-0.0034486071166260246
-0.0688,-0.1892,-0.0021598517579839737,-0.002849691630270465
-0.0688,-0.18059999999999998,-0.0006150272093576043,0.0007985136816923038
-0.0688,-0.172,0.0011697916652204953,-0.0015431618855067217
-0.0688,-0.16340000000000002,-0.004140253498463436,-0.002000137168636509
-0.0688,-0.1548,-0.004084925406962647,0.0037184777242779132
-0.0688,-0.14620000000000002,0.003646320108799412,0.004228361411831426
-0.0688,-0.1376,0.003922045586561303,-0.0011664258782001576
-0.0688,-0.129,-0.0013085815144141348,-0.0009716600406179156
-0.0688,-0.12040000000000002,0.0011934685770445717,0.0014600810524444201
-0.0688,-0.1118,0.003786914557164038,-0.003210718886657488
-0.0688,-0.10319999999999997,-0.0034504282845504706,-0.006500261501360857
-0.0688,-0.09459999999999999,-0.0072553061369540145,-0.0005147008749530311
-0.0688,-0.086,-0.0004108794056201091,0.0030107326622663237
-0.0688,-0.07740000000000002,0.0007893859336266598,-0.0025872353291095046
-0.0688,-0.06880000000000001,-0.007061518879399333,-0.003673006838870135
-0.0688,-0.06019999999999999,-0.007506212690245532,0.004554648158661318
-0.0688,-0.05159999999999999,0.0015416865190838575,0.008232855434080881
-0.0688,-0.04300000000000001,0.005038519813182429,0.0007095804322049019
-0.0688,-0.034400000000000014,0.000015142902782529824,-0.00668168284060949
-0.0688,-0.02579999999999999,-0.005659556728025031,-0.005157858837382678
-0.0688,-0.017199999999999965,-0.008804670911949527,0.0003370545752098387
-0.0688,-0.008599999999999969,-0.00964317335121509,0.0017518015636524401
-0.0688,-2.7755575615628914e-17,-0.008519319849570852,-0.001171575670073453
-0.0688,0.008600000000000038,-0.005315041717699313,-0.005316365223601171
-0.0688,0.017199999999999993,0.0015194239632889321,-0.007397244192412696
-0.0688,0.02579999999999999,0.009161711855104334,-0.003239505662974011
-0.0688,0.034400000000000014,0.007308071682664249,0.005586838943762468
-0.0688,0.04299999999999998,-0.00252779686342565,0.00629160856964699
-0.0688,0.05160000000000002,-0.002914188327071608,-0.002205474824898163
-0.0688,0.06019999999999999,0.005696379602828431,-0.0023899066359546793
-0.0688,0.06879999999999999,0.004051665709697109,0.006904690950778653
-0.0688,0.07740000000000001,-0.005591000208150829,0.006896758854335665
-0.0688,0.086,-0.004233020621345981,-0.00208256992095336
-0.0688,0.09460000000000002,0.002070407624446103,-0.0017554322811021343
-0.0688,0.10320000000000001,-0.0031469435672939667,0.003398848361469973
-0.0688,0.11179999999999998,-0.00725857751478542,-0.002066132379580633
-0.0688,0.12040000000000001,0.0016841114365683453,-0.007828879370006904
-0.0688,0.129,0.006410346158497035,-0.0014008748641981905
-0.0688,0.1376,0.00019913219870457951,0.0030566003097950312
-0.0688,0.1462,0.0006697471053695311,-0.0012720923047283693
-0.0688,0.15480000000000002,0.005859577057334847,0.0005262397692640669
-0.0688,0.16340000000000002,-0.0006808752516546066,0.006685498044131363
-0.0688,0.172,-0.00821318878206255,0.0016554293460615817
-0.0688,0.1806,-0.0019328487142341877,-0.005998779042295461
-0.0688,0.1892,0.004217105048176595,-0.002205407099277473
-0.0688,0.19780000000000003,0.00011209966893858501,0.0023588978989824588
-0.0688,0.20640000000000003,-0.0005448420160408226,-0.0010632736454725905
-0.0688,0.21499999999999997,0.003523376161782755,-0.0005128164121603577
-0.0688,0.22360000000000002,-0.0008639748380074287,0.005002733671043267
-0.0688,0.2322,-0.006496675637382919,0.0016149498861374103
-0.0688,0.24080000000000004,-0.0006488103322568326,-0.005816163526789526
-0.0688,0.2494,0.004880725184621086,-0.003684300531757077
-0.0602,-0.258,0.002976155304131315,-0.004545134769321042
-0.0602,-0.24940000000000004,-0.004830716827564988,-0.0023438339151655883
-0.0602,-0.2408,-0.002975877579413725,0.0033372195055079473
-0.0602,-0.2322,0.002152974429996013,0.0018610956882125493
-0.0602,-0.2236,0.00017718857183345634,-0.001302119650574255
-0.0602,-0.21500000000000002,-0.0005164782099687414,0.0004374950305871881
-0.0602,-0.20640000000000003,0.003436761523463229,0.0003235708151899784
-0.0602,-0.1978,0.0009011229117350326,-0.0035964253444143923
-0.0602,-0.1892,-0.005309466266641092,-0.0018917414335739191
-0.0602,-0.18059999999999998,-0.002539064820473284,0.003432795608587113
-0.0602,-0.172,0.0032569906938924877,0.0028162144999800223
-0.0602,-0.16340000000000002,0.0010680185560076384,-0.00010864172735813305
-0.0602,-0.1548,-0.0007405613621690389,0.001127227342536694
-0.0602,-0.14620000000000002,0.0036417989517560072,-0.00002429669501900567
-0.0602,-0.1376,0.003120369672192724,-0.005508880686832841
-0.0602,-0.129,-0.0033958820926178798,-0.004957110166280069
-0.0602,-0.12040000000000002,-0.0029446268167808236,0.0014254420927891929
-0.0602,-0.1118,0.001673305482711661,0.001760776153867122
-0.0602,-0.10319999999999997,-0.0015778375822146711,-0.0021377366874923954
-0.0602,-0.09459999999999999,-0.006242875815735756,0.0018134476596256127
-0.0602,-0.086,-0.0007647166238701137,0.008799815007463322
-0.0602,-0.07740000000000002,0.006327977465381062,0.005456839519101645
-0.0602,-0.06880000000000001,0.0035698290813563683,-0.0023000775100857685
-0.0602,-0.06019999999999999,-0.002596284195127396,-0.00039553118174385696
-0.0602,-0.05159999999999999,-0.001670669271369986,0.007704637058408403
-0.0602,-0.04300000000000001,0.004912958827078841,0.008376118717701421
-0.0602,-0.034400000000000014,0.00946420754819487,0.0007249211057703119
-0.0602,-0.02579999999999999,0.007546539996829938,-0.00537250721398734
-0.0602,-0.017199999999999965,0.002219285065093493,-0.0069663706597304295
-0.0602,-0.008599999999999969,0.00009437106012354974,-0.007979371961997458
-0.0602,-2.7755575615628914e-17,0.0022995120044319722,-0.009074624147317247
-0.0602,0.008600000000000038,0.005092206687016529,-0.006690394060083766
-0.0602,0.017199999999999993,0.0058724096072986015,-0.0012275527848964727
-0.0602,0.02579999999999999,0.0034079680017783187,0.0034319751833099105
-0.0602,0.034400000000000014,-0.0033810225028135174,0.0024505422513126807
-0.0602,0.04299999999999998,-0.006403066369322637,-0.004373739748596094
-0.0602,0.05160000000000002,0.0018418739025551252,-0.008260444746930176
-0.0602,0.06019999999999999,0.00928990385791295,-0.0025822415771639433
-0.0602,0.06879999999999999,0.003199029434063791,0.0036325462718172644
-0.0602,0.07740000000000001,-0.003158052581127601,0.00039298511795397254
-0.0602,0.086,0.003557495723006429,-0.0029472710493592138
-0.0602,0.09460000000000002,0.007865860021030483,0.0034581727371480924
-0.0602,0.10320000000000001,-0.0014429930534147033,0.007646739562571548
-0.0602,0.11179999999999998,-0.006221704452515193,0.0010144804988035127
-0.0602,0.12040000000000001,0.00028923274855372936,-0.0028574692477897384
-0.0602,0.129,0.0005655340535862197,0.0011222481857122064
-0.0602,0.1376,-0.005132793840841036,-0.0002961444855544896
-0.0602,0.1462,-0.00013114634462847784,-0.0059162065981412945
-0.0602,0.15480000000000002,0.00722206457545481,-0.0021017022680581425
-0.0602,0.16340000000000002,0.0019432932900218052,0.005088332977808766
-0.0602,0.172,-0.0035969739339985125,0.002842947933138288
-0.0602,0.1806,0.0004988934759127281,-0.0010857015820619016
-0.0602,0.1892,0.0006870332771944157,0.0009458910830151116
-0.0602,0.19780000000000003,-0.0045045802289198685,-0.00017785502333144256
-0.0602,0.20640000000000003,-0.0004102753993806429,-0.004999263179865914
-0.0602,0.21499999999999997,0.006920866235796321,-0.0017537099834962619
-0.0602,0.22360000000000002,0.002240555038759212,0.005290318134733554
-0.0602,0.2322,-0.004690323055138639,0.0027814003125287345
-0.0602,0.24080000000000004,-0.0014266978695195735,-0.0027982203760083496
-0.0602,0.2494,0.001754341020520853,-0.001408872806401576
-0.05159999999999999,-0.258,0.0002004526365816051,-0.0014293021949844907
-0.05159999999999999,-0.24940000000000004,-0.004779678099097488,0.00024317320701060924
-0.05159999999999999,-0.2408,-0.0008519578412867638,0.00517345966411936
-0.05159999999999999,-0.2322,0.005732762763931091,0.001649349716883949
-0.05159999999999999,-0.2236,0.0020037875774918793,-0.005410879775451421
-0.05159999999999999,-0.21500000000000002,-0.0037535823676216272,-0.003360381551190284
-0.05159999999999999,-0.20640000000000003,-0.0014256581062679085,0.0019205201247663615
-0.05159999999999999,-0.1978,-0.00008082261275249715,0.0004675467084996534
-0.05159999999999999,-0.1892,-0.003720382630934335,-0.00028899309255086864
-0.05159999999999999,-0.18059999999999998,-0.0012657088003735976,0.0040337020337472655
-0.05159999999999999,-0.172,0.005654967628766697,0.0028619173719729852
-0.05159999999999999,-0.16340000000000002,0.003845376546229248,-0.003754258909200326
-0.05159999999999999,-0.1548,-0.0024227718236310403,-0.00360315229946217
-0.05159999999999999,-0.14620000000000002,-0.001231723341879842,0.0009407861697369672
-0.05159999999999999,-0.1376,0.0011311130955950265,-0.0009225998485656911
-0.05159999999999999,-0.129,-0.0032531499686888296,-0.0033723859802252567
-0.05159999999999999,-0.12040000000000002,-0.004953589106642723,0.002377678147153343
-0.05159999999999999,-0.1118,0.0021189468343021413,0.006116216996665581
-0.05159999999999999,-0.10319999999999997,0.006401764458025216,-0.00040653996060057123
-0.05159999999999999,-0.09459999999999999,0.0016618901342556139,-0.004671685465874587
-0.05159999999999999,-0.086,-0.0013298399566323371,0.0013562300743768013
-0.05159999999999999,-0.07740000000000002,0.003634384711216171,0.004732111156236521
-0.05159999999999999,-0.06880000000000001,0.007634609746488026,-0.002750481325391982
-0.05159999999999999,-0.06019999999999999,0.003235036578948047,-0.00933865095208982
-0.05159999999999999,-0.05159999999999999,-0.004285799461242744,-0.005518957872181251
-0.05159999999999999,-0.04300000000000001,-0.005499949289699212,0.0019520513053803527
-0.05159999999999999,-0.034400000000000014,-0.0005192789973292652,0.005103851620387559
-0.05159999999999999,-0.02579999999999999,0.0038699427367017906,0.004962334422139348
-0.05159999999999999,-0.017199999999999965,0.00512333533730929,0.0036012794989528254
-0.05159999999999999,-0.008599999999999969,0.006396479965225042,0.002031533570993755
-0.05159999999999999,-2.7755575615628914e-17,0.007113822573914803,0.0031118529200076556
-0.05159999999999999,0.008600000000000038,0.0033727632160657803,0.007141640585219451
-0.05159999999999999,0.017199999999999993,-0.0028778767476437873,0.008777548175286264
-0.05159999999999999,0.02579999999999999,-0.0069693188175711605,0.004389949586857292
-0.05159999999999999,0.034400000000000014,-0.007122871627580062,-0.002712770992530507
-0.05159999999999999,0.04299999999999998,-0.0030383125680766847,-0.005791248255390824
-0.05159999999999999,0.05160000000000002,0.0019816694593619145,-0.001573727691003833
-0.05159999999999999,0.06019999999999999,0.000503956871155321,0.0033005979449965334
-0.05159999999999999,0.06879999999999999,-0.005673050397734362,0.00007376886650887788
-0.05159999999999999,0.07740000000000001,-0.003638574745523408,-0.007231784262803977
-0.05159999999999999,0.086,0.005436992123627031,-0.0058248551441317095
-0.05159999999999999,0.09460000000000002,0.0057834924014159425,0.0018884574770865385
-0.05159999999999999,0.10320000000000001,-0.0012345015568796399,0.0017424314020820862
-0.05159999999999999,0.11179999999999998,0.0005474759774105222,-0.0023674521872803244
-0.05159999999999999,0.12040000000000001,0.005753542398091944,0.0025075261437836277
-0.05159999999999999,0.129,-0.000657565431927163,0.008063964263042988
-0.05159999999999999,0.1376,-0.007804482823450069,0.001675649048599625
-0.05159999999999999,0.1462,-0.0020221727249908885,-0.005320919657230592
-0.05159999999999999,0.15480000000000002,0.002952449991810964,-0.0015326145691123515
-0.05159999999999999,0.16340000000000002,-0.001144488068002452,0.0009090612687272596
-0.05159999999999999,0.172,-0.00024248999028982982,-0.0030995991465848026
-0.05159999999999999,0.1806,0.005483229831325532,-0.0009129943347369557
-0.05159999999999999,0.1892,0.0009847911447659796,0.005669080370006277
-0.05159999999999999,0.19780000000000003,-0.006935720470026707,0.0023222541528765787
-0.05159999999999999,0.20640000000000003,-0.0026770664309117695,-0.004906940127460832
-0.05159999999999999,0.21499999999999997,0.0042109120755515015,-0.002320785449362898
-0.05159999999999999,0.22360000000000002,0.001223552915358352,0.002203184940697916
-0.05159999999999999,0.2322,-0.001239537586167558,-0.0002734421475886693
-0.05159999999999999,0.24080000000000004,0.002601594580520515,-0.0010330122511404635
-0.05159999999999999,0.2494,0.00200312633138283,0.002503079692482995
-0.043,-0.258,0.0008522048483361394,0.0008667385804684005
-0.043,-0.24940000000000004,-0.00011896150112165581,-0.0011128496831786772
-0.043,-0.2408,0.0006795859824473879,0.0016739615034286237
-0.043,-0.2322,0.0036111566977564914,0.0008347898755665599
-0.043,-0.2236,0.00023278532906871415,-0.003854086327869469
-0.043,-0.21500000000000002,-0.004949920692197864,-0.001636246730615962
-0.043,-0.20640000000000003,-0.0016899083396462388,0.004316670725512208
-0.043,-0.1978,0.003608921253102763,0.0023666699193810674
-0.043,-0.1892,0.001629655012239745,-0.002230859886026434
-0.043,-0.18059999999999998,-0.0008590968374990839,-0.00048416204906526146
-0.043,-0.172,0.0014346666953811078,0.0006230341605917382
-0.043,-0.16340000000000002,0.0005881793011178832,-0.003254903251117685
-0.043,-0.1548,-0.0044615008112042906,-0.002077990126955243
-0.043,-0.14620000000000002,-0.003290598590944027,0.005151306817243289
-0.043,-0.1376,0.002992267569209102,0.005204762026669371
-0.043,-0.129,0.0031049030100441643,-0.0015028271918682765
-0.043,-0.12040000000000002,-0.0013856986986659887,-0.0014310078956509588
-0.043,-0.1118,0.00017741421516351388,0.0033880881111857043
-0.043,-0.10319999999999997,0.00535769237680081,9.038006997423868e-6
-0.043,-0.09459999999999999,0.0032005862809493537,-0.008125148816987834
-0.043,-0.086,-0.0049010571005193,-0.0071532026531512
-0.043,-0.07740000000000002,-0.00695374619704678,0.0005820096138874707
-0.043,-0.06880000000000001,-0.0009389864310431627,0.0026438457390545356
-0.043,-0.06019999999999999,0.002905327196385817,-0.0023738791525351344
-0.043,-0.05159999999999999,-0.0012633869294336009,-0.0063314819084110425
-0.043,-0.04300000000000001,-0.007214204141602438,-0.005344568385836804
-0.043,-0.034400000000000014,-0.008241994865588331,-0.0012233467536702696
-0.043,-0.02579999999999999,-0.006776035841313044,0.0031835933314010166
-0.043,-0.017199999999999965,-0.005907575257435252,0.005732317495929445
-0.043,-0.008599999999999969,-0.004495117687654599,0.005933904422261516
-0.043,-2.7755575615628914e-17,-0.0030910471261296675,0.0052929866385289055
-0.043,0.008600000000000038,-0.0045590738078831496,0.004124651502160375
-0.043,0.017199999999999993,-0.006167094720558841,0.0008750083469632022
-0.043,0.02579999999999999,-0.0026918707832601072,-0.0034737144983188555
-0.043,0.034400000000000014,0.003897838053239196,-0.004042501932061441
-0.043,0.04299999999999998,0.006320977807044772,0.0017273598714070755
-0.043,0.05160000000000002,0.002042827479616974,0.008015528925218956
-0.043,0.06019999999999999,-0.004293681910606146,0.006842997842366573
-0.043,0.06879999999999999,-0.00568999403516712,-0.0007823712294445643
-0.043,0.07740000000000001,-0.0012404177853538865,-0.003871227418762396
-0.043,0.086,0.001112194981360756,0.0011718162703836927
-0.043,0.09460000000000002,-0.003567830456522486,0.002909278765933328
-0.043,0.10320000000000001,-0.005455581075962615,-0.004255847804139453
-0.043,0.11179999999999998,0.0021920755722672452,-0.00704155609239671
-0.043,0.12040000000000001,0.007229090186274593,0.0005414660786313239
-0.043,0.129,0.001446893354439072,0.004982787709001865
-0.043,0.1376,-0.0026644315378176004,0.0006050652305189404
-0.043,0.1462,0.0005376853202803007,-0.0000717693421390392
-0.043,0.15480000000000002,-0.0004374672817281668,0.0038458489049775953
-0.043,0.16340000000000002,-0.005652579952765233,0.00036403445124960176
-0.043,0.172,-0.002064327107540521,-0.005963237928061682
-0.043,0.1806,0.005539995952900124,-0.0027802156664996783
-0.043,0.1892,0.00334830824487988,0.0036719303569334506
-0.043,0.19780000000000003,-0.0022444519811261397,0.0024014718957378924
-0.043,0.20640000000000003,-0.0007123706142038571,-0.00022995470070172395
-0.043,0.21499999999999997,0.0004965339152348426,0.0013569471893266733
-0.043,0.22360000000000002,-0.003171328553250532,-0.00017995208317184893
-0.043,0.2322,-0.0016918179496089789,-0.004323204139047898
-0.043,0.24080000000000004,0.004339389883446484,-0.0015182077181803253
-0.043,0.2494,0.0032876954043126573,0.0035955024417821547
-0.0344,-0.258,0.0036693470722169346,0.0018271822174356375
-0.0344,-0.24940000000000004,0.0020975470764196375,-0.004550561633535297
-0.0344,-0.2408,-0.001907051319042966,-0.0024795871760106523
-0.0344,-0.2322,-0.0012339872915301112,0.0018906188141564076
-0.0344,-0.2236,-0.0002460464750368666,0.0010118136301325124
-0.0344,-0.21500000000000002,-0.001425307077929732,0.0010480417244095814
-0.0344,-0.20640000000000003,0.0007530599610301513,0.003315615885275806
-0.0344,-0.1978,0.004410907400737692,-0.00015585409111556965
-0.0344,-0.1892,0.0018739060900861638,-0.005512975016090494
-0.0344,-0.18059999999999998,-0.0035556055219875733,-0.0029210415889047996
-0.0344,-0.172,-0.003195485097838291,0.0022672411868818474
-0.0344,-0.16340000000000002,-0.00006547562626040307,0.0009817570627246885
-0.0344,-0.1548,-0.000475648353468774,-0.0006537176856613597
-0.0344,-0.14620000000000002,-0.000651982686124333,0.0033843714537553503
-0.0344,-0.1376,0.0035373446136224653,0.004247040618227725
-0.0344,-0.129,0.005791115161772801,-0.002211326815643762
-0.0344,-0.12040000000000002,0.0009137498789058121,-0.005734051108840905
-0.0344,-0.1118,-0.004183520066640408,-0.0007784556897582751
-0.0344,-0.10319999999999997,-0.002004208589956098,0.0035540141755972484
-0.0344,-0.09459999999999999,0.0015611924286194514,0.0007567661490984508
-0.0344,-0.086,-0.0016206720835579185,-0.002791239404722575
-0.0344,-0.07740000000000002,-0.007196561538122744,-0.00011308638517699346
-0.0344,-0.06880000000000001,-0.005588686248814241,0.006269430241251163
-0.0344,-0.06019999999999999,0.0011727604619795036,0.008902728089098174
-0.0344,-0.05159999999999999,0.004975173419023156,0.004724420296104639
-0.0344,-0.04300000000000001,0.004067173775044039,-0.0013629564793103356
-0.0344,-0.034400000000000014,0.0019287712222168204,-0.004353664013305142
-0.0344,-0.02579999999999999,-0.0007606899029014605,-0.0049139301300714245
-0.0344,-0.017199999999999965,-0.0039844135360623196,-0.004995320414272077
-0.0344,-0.008599999999999969,-0.004888808032279461,-0.004789260651459662
-0.0344,-2.7755575615628914e-17,-0.003204270399236381,-0.005143705437034426
-0.0344,0.008600000000000038,-0.001478442857203522,-0.007410010083770729
-0.0344,0.017199999999999993,0.0012119881479120854,-0.008670926246815886
-0.0344,0.02579999999999999,0.005968474615782708,-0.005431207455838662
-0.0344,0.034400000000000014,0.008517438615105892,0.0002494277971739096
-0.0344,0.04299999999999998,0.004803734222948871,0.0036896731848999596
-0.0344,0.05160000000000002,-0.0008524688994172047,0.0029861957262755597
-0.0344,0.06019999999999999,-0.001236696909239089,-0.0004846736150013579
-0.0344,0.06879999999999999,0.003152848526774189,-0.002552764082346393
-0.0344,0.07740000000000001,0.005400398032667411,0.001956080334843626
-0.0344,0.086,0.001112592632184897,0.008534282622740348
-0.0344,0.09460000000000002,-0.0052861541936562555,0.005720762186788609
-0.0344,0.10320000000000001,-0.005776929585369497,-0.0028937746211622328
-0.0344,0.11179999999999998,-0.0005985275801108229,-0.0037370026722958983
-0.0344,0.12040000000000001,0.00046504937074705826,0.0006038919976227248
-0.0344,0.129,-0.002337564158519859,-0.0019714325285952205
-0.0344,0.1376,0.0006423778207974938,-0.0059051630574733045
-0.0344,0.1462,0.0064550977801887234,0.0003123422332996573
-0.0344,0.15480000000000002,0.003028184440309296,0.0068770234054835585
-0.0344,0.16340000000000002,-0.004809926926531505,0.002169320096603353
-0.0344,0.172,-0.00387851356845412,-0.0036906425350902365
-0.0344,0.1806,0.0015323150879064551,-0.0015362853576970114
-0.0344,0.1892,0.001385005445383793,9.783550339280537e-6
-0.0344,0.19780000000000003,0.0003067133451112107,-0.002243723421465019
-0.0344,0.20640000000000003,0.003134159979712709,0.0005053517103634155
-0.0344,0.21499999999999997,0.001599057163157715,0.004819720899860696
-0.0344,0.22360000000000002,-0.004944078875141376,0.0011261817769706575
-0.0344,0.2322,-0.0037551200936732343,-0.00417060592755915
-0.0344,0.24080000000000004,0.003599193107302264,-0.00156663289038877
-0.0344,0.2494,0.004285124900175918,0.002124511714910588
-0.0258,-0.258,0.0038723692696728397,0.0006088397514070857
-0.0258,-0.24940000000000004,0.0005346345030139738,-0.0046642289074494405
-0.0258,-0.2408,-0.005136504847338569,-0.0016654506930159725
-0.0258,-0.2322,-0.0027464375591578646,0.0038600569288090806
-0.0258,-0.2236,0.003079976931956555,0.0018153345755302216
-0.0258,-0.21500000000000002,0.002536950136432512,-0.0022380597194344605
-0.0258,-0.20640000000000003,-0.0005925695541914964,-0.0009756920082922124
-0.0258,-0.1978,0.0002448267979983731,0.00005245460581172867
-0.0258,-0.1892,0.00024850242678555286,-0.002035275336651454
-0.0258,-0.18059999999999998,-0.0033384951661427882,-0.000200492308434109
-0.0258,-0.172,-0.0027112215712912966,0.0046442946346958594
-0.0258,-0.16340000000000002,0.003229394022476103,0.003070986950492563
-0.0258,-0.1548,0.004347129500209608,-0.003508623917792752
-0.0258,-0.14620000000000002,-0.001311884058153626,-0.004292242803064893
-0.0258,-0.1376,-0.0031266730824398748,0.00023120808732812357
-0.0258,-0.129,0.0011581035877066112,0.0006463243323913123
-0.0258,-0.12040000000000002,0.0013374823943328054,-0.0029498278762073193
-0.0258,-0.1118,-0.004415144938784465,-0.001882653238896085
-0.0258,-0.10319999999999997,-0.005179285001573124,0.004739158043627547
-0.0258,-0.09459999999999999,0.002736120140208495,0.007676828876616011
-0.0258,-0.086,0.008112156646767977,0.002511437480547374
-0.0258,-0.07740000000000002,0.0045006274940045336,-0.0034807084570113696
-0.0258,-0.06880000000000001,-0.0006429135979149594,-0.00282650381135707
-0.0258,-0.06019999999999999,-0.0004478922424939877,0.001985631942106519
-0.0258,-0.05159999999999999,0.0028468925024286067,0.0040493344000237606
-0.0258,-0.04300000000000001,0.005471502438668633,0.002758471028313185
-0.0258,-0.034400000000000014,0.006791529035974937,0.000792492186465805
-0.0258,-0.02579999999999999,0.00696652957027647,-0.0017819937809553487
-0.0258,-0.017199999999999965,0.00620340994907257,-0.004271888374495226
-0.0258,-0.008599999999999969,0.005102772275118235,-0.003975943103552247
-0.0258,-2.7755575615628914e-17,0.004577328759136651,-0.002150311371239181
-0.0258,0.008600000000000038,0.004272224915975596,-0.0012631566687538436
-0.0258,0.017199999999999993,0.003672839294590956,0.00024452332610327743
-0.0258,0.02579999999999999,0.001482841123501609,0.003742329136039812
-0.0258,0.034400000000000014,-0.003147720044335617,0.004688381307454395
-0.0258,0.04299999999999998,-0.007120592522667313,-0.0004272676984448316
-0.0258,0.05160000000000002,-0.0053636760706358335,-0.006710470791597901
-0.0258,0.06019999999999999,0.0015179881013408865,-0.007450339304507378
-0.0258,0.06879999999999999,0.00645017740021348,-0.0027108047995706495
-0.0258,0.07740000000000001,0.004177663101880956,0.0021795531580538216
-0.0258,0.086,-0.0006596054581806121,0.002201989653730995
-0.0258,0.09460000000000002,-0.0003648473705302569,-0.001373963643120573
-0.0258,0.10320000000000001,0.003657695873588372,-0.00048033291198354704
-0.0258,0.11179999999999998,0.0022429761419999776,0.005506580434654423
-0.0258,0.12040000000000001,-0.004925622186940629,0.005304775506467566
-0.0258,0.129,-0.006603742561680919,-0.003443879936792793
-0.0258,0.1376,0.00012356151857641182,-0.0069894979146736345
-0.0258,0.1462,0.003981628014463476,-0.000850352380392766
-0.0258,0.15480000000000002,0.0010481520770635208,0.002041306818130833
-0.0258,0.16340000000000002,0.0004069115974037143,-0.0009500781833082779
-0.0258,0.172,0.0028404547144805304,0.000841806402853607
-0.0258,0.1806,-0.00004926620175588148,0.0052333181103258524
-0.0258,0.1892,-0.005009241984491812,0.0007604171866183312
-0.0258,0.19780000000000003,-0.001725535483745686,-0.006047523373144956
-0.0258,0.20640000000000003,0.004557109275451991,-0.0027147642354520257
-0.0258,0.21499999999999997,0.002672196723674436,0.0034828361564224653
-0.0258,0.22360000000000002,-0.0019130695753508873,0.0018356640602971927
-0.0258,0.2322,-0.0004948343344376956,-0.0012611341915361753
-0.0258,0.24080000000000004,0.0012907814787242644,0.0005033436963769402
-0.0258,0.2494,-0.0005440551355443023,0.0007716440642056872
-0.0172,-0.258,-0.0003203397016779138,0.0007699589152999693
-0.0172,-0.24940000000000004,0.00006922692011030088,-0.00065034992589224
-0.0172,-0.2408,-0.00199064104143819,0.000723873188508786
-0.0172,-0.2322,-0.00032885374751462777,0.003225167590195211
-0.0172,-0.2236,0.0038765926781017222,-0.0002474147903584544
-0.0172,-0.21500000000000002,0.0016368785284736772,-0.00510445704488948
-0.0172,-0.20640000000000003,-0.004628382013262498,-0.001982501437403813
-0.0172,-0.1978,-0.003976851504775201,0.0037440310348429567
-0.0172,-0.1892,0.001671547255293142,0.0026352203315514176
-0.0172,-0.18059999999999998,0.0022217293198469766,-0.000898031223806996
-0.0172,-0.172,0.00003745558208927274,0.0005020567653904823
-0.0172,-0.16340000000000002,0.0021231817652069035,0.0016379611890374253
-0.0172,-0.1548,0.0035899832781511095,-0.002753171495765459
-0.0172,-0.14620000000000002,-0.0023053741238910955,-0.005749636450149988
-0.0172,-0.1376,-0.007500366107654084,-0.0009103452747468554
-0.0172,-0.129,-0.0029449660956251504,0.004948298116647617
-0.0172,-0.12040000000000002,0.004139616728602124,0.00342644822712637
-0.0172,-0.1118,0.00312340417632959,-0.001913153723276537
-0.0172,-0.10319999999999997,-0.0016511706325802145,-0.0023265889846951168
-0.0172,-0.09459999999999999,-0.0007314437431454041,0.0015198509600001706
-0.0172,-0.086,0.00452618079283141,0.0017938581662450437
-0.0172,-0.07740000000000002,0.006314072511722421,-0.0032911161053829933
-0.0172,-0.06880000000000001,0.0028091603101441025,-0.007476180829327973
-0.0172,-0.06019999999999999,-0.0021591785361141785,-0.007219108626228299
-0.0172,-0.05159999999999999,-0.005513735533815342,-0.00429075766801646
-0.0172,-0.04300000000000001,-0.005687287007279114,-0.0003066859946821431
-0.0172,-0.034400000000000014,-0.0033880109277064636,0.003823035445328958
-0.0172,-0.02579999999999999,-0.0008117691132848577,0.00575194009272669
-0.0172,-0.017199999999999965,0.0008110628907736261,0.005193540613811538
-0.0172,-0.008599999999999969,0.0016557805898606802,0.005513468140031338
-0.0172,-2.7755575615628914e-17,0.0018858995958393708,0.007403806072744808
-0.0172,0.008600000000000038,0.00028086610403302965,0.007751843474716534
-0.0172,0.017199999999999993,-0.0024554182710770918,0.006391529192342063
-0.0172,0.02579999999999999,-0.005322594973058968,0.004752584090488814
-0.0172,0.034400000000000014,-0.006544073784854856,0.0019944765443532897
-0.0172,0.04299999999999998,-0.0044699677288892745,-0.002113077246644915
-0.0172,0.05160000000000002,-0.00025478165192517935,-0.003131050984867905
-0.0172,0.06019999999999999,0.0015037836041817314,0.0006432138809868782
-0.0172,0.06879999999999999,-0.0015446205497538204,0.0035539263306487105
-0.0172,0.07740000000000001,-0.00590649494047956,0.0005053033178095709
-0.0172,0.086,-0.004856629044330555,-0.005569806258270109
-0.0172,0.09460000000000002,0.002076428179475955,-0.007367338259173266
-0.0172,0.10320000000000001,0.00679849256014512,-0.002311855268404891
-0.0172,0.11179999999999998,0.003569464350546258,0.00378298686169796
-0.0172,0.12040000000000001,-0.0018593541133887152,0.0032777378591224257
-0.0172,0.129,-0.0014282975298518389,-0.0006431954911371314
-0.0172,0.1376,0.001351074748020085,0.0005622342193094118
-0.0172,0.1462,-0.0014918847626443513,0.0031107744783879154
-0.0172,0.15480000000000002,-0.0044696315648793394,-0.0012199537987703742
-0.0172,0.16340000000000002,0.0009045217485644062,-0.005856126726025828
-0.0172,0.172,0.006461004827875924,-0.0005641757370394416
-0.0172,0.1806,0.0018071412519575693,0.006265730362246147
-0.0172,0.1892,-0.005014302408445629,0.002615681734759863
-0.0172,0.19780000000000003,-0.0030397908973572468,-0.003555210191879521
-0.0172,0.20640000000000003,0.0012884427572425333,-0.0018645454002006116
-0.0172,0.21499999999999997,0.0002460304563889543,0.0009122950986786254
-0.0172,0.22360000000000002,0.00010640222496284325,-0.0012789114337681702
-0.0172,0.2322,0.0026438282466568993,-0.0005087896203531543
-0.0172,0.24080000000000004,0.000173948034011518,0.003610862581705862
-0.0172,0.2494,-0.004247390921075706,0.0020412184155458877
-0.00860000000000001,-0.258,-0.00229753239224936,0.002053590435837909
-0.00860000000000001,-0.24940000000000004,0.002544182304208459,0.0024513144972753975
-0.00860000000000001,-0.2408,0.0022279846492956846,-0.00042001937503260896
-0.00860000000000001,-0.2322,0.00010494498058297761,-0.0005238238724413374
-0.00860000000000001,-0.2236,0.0007923154156396769,-0.0003595780452192904
-0.00860000000000001,-0.21500000000000002,-0.00008672801999976737,-0.001964736743955006
-0.00860000000000001,-0.20640000000000003,-0.0034105480021991916,0.00001692550723324423
-0.00860000000000001,-0.1978,-0.0018066994747794113,0.004628629839966878
-0.00860000000000001,-0.1892,0.004098665170875436,0.002988120942992876
-0.00860000000000001,-0.18059999999999998,0.004191704563570724,-0.004119584341634525
-0.00860000000000001,-0.172,-0.0020115773253203393,-0.005146673035724833
-0.00860000000000001,-0.16340000000000002,-0.0039354112054642435,0.0010058088744918047
-0.00860000000000001,-0.1548,0.0002505622205233415,0.0036226051069977823
-0.00860000000000001,-0.14620000000000002,0.0018176942910802102,0.000053789815712757055
-0.00860000000000001,-0.1376,-0.0015508559798089255,-0.0009696372882634507
-0.00860000000000001,-0.129,-0.0020891370868043138,0.0030827438808695715
-0.00860000000000001,-0.12040000000000002,0.002643757095234707,0.004022896996431321
-0.00860000000000001,-0.1118,0.005176889352135921,-0.0017716575171973059
-0.00860000000000001,-0.10319999999999997,0.0008109242857769301,-0.006861657842740133
-0.00860000000000001,-0.09459999999999999,-0.005665035001318783,-0.005144525736230027
-0.00860000000000001,-0.086,-0.006869506844621784,0.0006492547466861258
-0.00860000000000001,-0.07740000000000002,-0.003277258028799159,0.004117103246345839
-0.00860000000000001,-0.06880000000000001,0.0002817830738274287,0.003353231247886785
-0.00860000000000001,-0.06019999999999999,0.0010119718567032784,0.00004562851345945407
-0.00860000000000001,-0.05159999999999999,-0.0006805963212427758,-0.002632638012262757
-0.00860000000000001,-0.04300000000000001,-0.003298004790022413,-0.002812397723276212
-0.00860000000000001,-0.034400000000000014,-0.004980481800671322,-0.0008612551266504886
-0.00860000000000001,-0.02579999999999999,-0.005102507536570774,0.0005487461746002861
-0.00860000000000001,-0.017199999999999965,-0.004668797969274783,0.0005998124131723706
-0.00860000000000001,-0.008599999999999969,-0.004869780814485335,0.0004903917484731491
-0.00860000000000001,-2.7755575615628914e-17,-0.0044083584713323866,0.00006239413619867922
-0.00860000000000001,0.008600000000000038,-0.002961223113104839,-0.0012877534960207587
-0.00860000000000001,0.017199999999999993,-0.0014463541123259018,-0.0033468565403760512
-0.00860000000000001,0.02579999999999999,0.00004888252565661968,-0.004697215653936429
-0.00860000000000001,0.034400000000000014,0.003586650339986292,-0.00413961664790065
-0.00860000000000001,0.04299999999999998,0.007549743295245043,-0.0008050092095762081
-0.00860000000000001,0.05160000000000002,0.006874079543351162,0.004591933723888127
-0.00860000000000001,0.06019999999999999,0.0009527168015345184,0.0077468769290388135
-0.00860000000000001,0.06879999999999999,-0.004630794417614172,0.00505485575306491
-0.00860000000000001,0.07740000000000001,-0.0050019744244158715,-0.0005615758341395361
-0.00860000000000001,0.086,-0.001525467083204095,-0.002934921347184757
-0.00860000000000001,0.09460000000000002,0.0009553515084562586,-0.000497895904171094
-0.00860000000000001,0.10320000000000001,-0.0007737252479611669,0.0009421138109418793
-0.00860000000000001,0.11179999999999998,-0.0028707458362017112,-0.0021875794628837
-0.00860000000000001,0.12040000000000001,0.0006716617393450092,-0.005058513712149058
-0.00860000000000001,0.129,0.0065054885357287975,-0.0012697704414582865
-0.00860000000000001,0.1376,0.004915610457468004,0.005443389621075383
-0.00860000000000001,0.1462,-0.003328399175105844,0.005625410036037794
-0.00860000000000001,0.15480000000000002,-0.006008037100594924,-0.0009193527716687139
-0.00860000000000001,0.16340000000000002,-0.0007302144089856279,-0.0040867253418121665
-0.00860000000000001,0.172,0.0021347039186430444,-0.0009123858064602004
-0.00860000000000001,0.1806,-8.625891782174944e-6,0.0006562393112325429
-0.00860000000000001,0.1892,0.0003683383025453077,-0.0009105054432687601
-0.00860000000000001,0.19780000000000003,0.0027009219211530915,0.000775500985386023
-0.00860000000000001,0.20640000000000003,-0.00026703324875522314,0.003870449246090075
-0.00860000000000001,0.21499999999999997,-0.0043387936834458785,0.0005542407193540985
-0.00860000000000001,0.22360000000000002,-0.0009228684246983828,-0.004367645145509732
-0.00860000000000001,0.2322,0.003907435868024769,-0.0015506617915179049
-0.00860000000000001,0.24080000000000004,0.0007252622196698284,0.0039654418922888774
-0.00860000000000001,0.2494,-0.003671394223592773,0.0025277905287957735
0.,-0.258,-0.0016664078373265418,0.002953274501311498
0.,-0.24940000000000004,0.003910136334069625,0.0020270344129759005
0.,-0.2408,0.002503504855864144,-0.0032035330292607645
0.,-0.2322,-0.0033491559305410556,-0.0027947356788293374
0.,-0.2236,-0.0033593231901604664,0.002533859583353054
0.,-0.21500000000000002,0.001061339057867492,0.003238595456234839
0.,-0.20640000000000003,0.0021193247631967737,-0.0007165451140723375
0.,-0.1978,0.0006661189960612429,-0.0012402704511461854
0.,-0.1892,0.0012718298793497943,0.0003584235412094018
0.,-0.18059999999999998,0.001344239198996726,-0.0018316300545635955
0.,-0.172,-0.0025767391786431166,-0.0035750287082547466
0.,-0.16340000000000002,-0.005445277162664836,0.0010919840831535924
0.,-0.1548,-0.001177142954580924,0.006439879203904409
0.,-0.14620000000000002,0.005928628656493324,0.00347652013815628
0.,-0.1376,0.006285030041157897,-0.0036212028860232014
0.,-0.129,-0.0002297946693928887,-0.004792343793220455
0.,-0.12040000000000002,-0.004223440555693421,-0.00011660778286223935
0.,-0.1118,-0.0010866290655527223,0.0020716988338790984
0.,-0.10319999999999997,0.0020688603785209937,-0.0001971209453253796
0.,-0.09459999999999999,-0.0011357794888967028,-0.0018731496204792463
0.,-0.086,-0.0055567446010716965,0.00046659525121946406
0.,-0.07740000000000002,-0.00509851474795777,0.0049801304775836065
0.,-0.06880000000000001,-0.0009840514657366638,0.00780337741911677
0.,-0.06019999999999999,0.003085921494545971,0.007892788048693514
0.,-0.05159999999999999,0.0060411434474578135,0.004850059165911024
0.,-0.04300000000000001,0.0071686663515219936,0.0006107924935330792
0.,-0.034400000000000014,0.0054287299932213266,-0.00270140535630978
0.,-0.02579999999999999,0.003202360426663336,-0.004408535012012564
0.,-0.017199999999999965,0.0022103598732765317,-0.0050302375722334385
0.,-0.008599999999999969,0.0010550804395241917,-0.0055845871369809815
0.,-2.7755575615628914e-17,0.00004717651815587451,-0.0063184538815310425
0.,0.008600000000000038,0.0011739979696720976,-0.006476016710301618
0.,0.017199999999999993,0.0034459105372370434,-0.005324301518862235
0.,0.02579999999999999,0.0042761619421704585,-0.003309140744246605
0.,0.034400000000000014,0.004406362271090831,-0.0011131023242753812
0.,0.04299999999999998,0.0036735572715432137,0.00067429895268492
0.,0.05160000000000002,0.00027325090695746264,0.0015986857848704742
0.,0.06019999999999999,-0.0026694462500547814,-0.0001992227772330905
0.,0.06879999999999999,-0.000054893975824509425,-0.0037924127343312965
0.,0.07740000000000001,0.005956352934877379,-0.0034983108788639162
0.,0.086,0.006737154241322346,0.002804458723378242
0.,0.09460000000000002,0.0003660910708503003,0.008187009005976706
0.,0.10320000000000001,-0.0056387637024319275,0.004980128356030212
0.,0.11179999999999998,-0.005091248584463612,-0.002815188547646014
0.,0.12040000000000001,0.00023988090044102414,-0.004984701392711865
0.,0.129,0.003530505279545366,-0.000862783768450877
0.,0.1376,0.0014219125285191135,0.0013768205797562662
0.,0.1462,-0.001171348369421803,-0.00021815457261511358
0.,0.15480000000000002,0.00026055754875694366,-0.00021048184266053195
0.,0.16340000000000002,0.001152209229995273,0.0024326799939189906
0.,0.172,-0.0024902790993087684,0.0017186957647140197
0.,0.1806,-0.003812587718298136,-0.003193693504499487
0.,0.1892,0.0022354208467382634,-0.004589455506306602
0.,0.19780000000000003,0.0061507264480033285,0.0007754821069711111
0.,0.20640000000000003,0.0007838541060897553,0.004902196968836139
0.,0.21499999999999997,-0.0045666741850578325,0.0015214743044581417
0.,0.22360000000000002,-0.001790454310700823,-0.003287448390666056
0.,0.2322,0.002336183540427455,-0.0022255482384877312
0.,0.24080000000000004,0.0015141150067888918,0.0013007040533175383
0.,0.2494,0.00011594326607069431,0.0018129363057352182
0.008600000000000003,-0.258,0.000898554047890139,0.00172370340996363
0.008600000000000003,-0.24940000000000004,0.0034510523317468258,0.00038723706904788505
0.008600000000000003,-0.2408,-0.00025720244998222053,-0.004730843477501993
0.008600000000000003,-0.2322,-0.005387795990571543,-0.0032778580502488518
0.008600000000000003,-0.2236,-0.0023830628762145107,0.004567465978078898
0.008600000000000003,-0.21500000000000002,0.004290461760135728,0.005036851973694782
0.008600000000000003,-0.20640000000000003,0.004717021501959358,-0.003758270758693829
0.008600000000000003,-0.1978,-0.0009421687143091962,-0.006355898106190576
0.008600000000000003,-0.1892,-0.004304942979555334,0.0008958626857265779
0.008600000000000003,-0.18059999999999998,-0.0015837930198854295,0.004299220819993106
0.008600000000000003,-0.172,0.0018991917716970697,-0.00010586403505509395
0.008600000000000003,-0.16340000000000002,0.0010819550355802244,-0.001626077845794166
0.008600000000000003,-0.1548,-0.0006827383558608586,0.0023777517125083544
0.008600000000000003,-0.14620000000000002,0.0017438693661614535,0.0016467452304056174
0.008600000000000003,-0.1376,0.0048827709501692755,-0.0041092635257772205
0.008600000000000003,-0.129,0.00004298805480199513,-0.005629305863785013
0.008600000000000003,-0.12040000000000002,-0.0067881982111551815,-0.0013640446393610422
0.008600000000000003,-0.1118,-0.004327883808957621,0.004522667108705049
0.008600000000000003,-0.10319999999999997,0.0030053176437933845,0.0069901072200864115
0.008600000000000003,-0.09459999999999999,0.006248760548729607,0.004044531770865505
0.008600000000000003,-0.086,0.005171027912588131,-0.0023225122496414183
0.008600000000000003,-0.07740000000000002,0.0033791082736903226,-0.005087371747491784
0.008600000000000003,-0.06880000000000001,-0.00011155763142163162,-0.0028068639691427146
0.008600000000000003,-0.06019999999999999,-0.002696762667228268,0.00024122565689386704
0.008600000000000003,-0.05159999999999999,-0.0003466098752683935,0.0014821099838967515
0.008600000000000003,-0.04300000000000001,0.0029523616451011493,0.0021032369630965587
0.008600000000000003,-0.034400000000000014,0.002860904015015104,0.002348403278670522
0.008600000000000003,-0.02579999999999999,0.002314673336787733,0.0015451136993645295
0.008600000000000003,-0.017199999999999965,0.0048506689087955985,0.0010999529670143702
0.008600000000000003,-0.008599999999999969,0.004651756592835202,0.0022133008680733477
0.008600000000000003,-2.7755575615628914e-17,0.0021279542639196917,0.003032445156481153
0.008600000000000003,0.008600000000000038,0.0013705759048478043,0.0034666900601511264
0.008600000000000003,0.017199999999999993,0.0014323840574265792,0.005017206009417011
0.008600000000000003,0.02579999999999999,-0.001691950973552254,0.006196944643612332
0.008600000000000003,0.034400000000000014,-0.005966637247115505,0.004611384306933647
0.008600000000000003,0.04299999999999998,-0.007580851971766819,0.00043145650598772295
0.008600000000000003,0.05160000000000002,-0.006666343207547511,-0.0037250504008919344
0.008600000000000003,0.06019999999999999,-0.0034956072641950833,-0.006799138464872337
0.008600000000000003,0.06879999999999999,0.0021861364094923415,-0.006813284301678004
0.008600000000000003,0.07740000000000001,0.006312541925726234,-0.0026415745300007237
0.008600000000000003,0.086,0.004586953920867945,0.00286636580670266
0.008600000000000003,0.09460000000000002,-0.00015017409409641882,0.0037670878603853026
0.008600000000000003,0.10320000000000001,-0.0010951318816858045,0.00033665645072582424
0.008600000000000003,0.11179999999999998,0.000988863901175288,-0.00066207506111648
0.008600000000000003,0.12040000000000001,0.00036583194778572333,0.0031209319563199876
0.008600000000000003,0.129,-0.003933225475190205,0.003800003487131924
0.008600000000000003,0.1376,-0.005546941258889771,-0.002573629145492094
0.008600000000000003,0.1462,0.00021914960228912078,-0.0073110061999643065
0.008600000000000003,0.15480000000000002,0.0066652198852064975,-0.002276757146545913
0.008600000000000003,0.16340000000000002,0.004427544834947496,0.005304073949053666
0.008600000000000003,0.172,-0.0031161431594244234,0.004590190066878753
0.008600000000000003,0.1806,-0.004528613942373273,-0.0013933885523580278
0.008600000000000003,0.1892,0.0003928810602447184,-0.0029808502863111035
0.008600000000000003,0.19780000000000003,0.0020862207051468218,-0.00011826222692261629
0.008600000000000003,0.20640000000000003,-0.00015875933572800504,0.00031064925442563445
0.008600000000000003,0.21499999999999997,0.00008744674254786411,-0.0010088170434810109
0.008600000000000003,0.22360000000000002,0.0014075994456540569,0.0003746296312284864
0.008600000000000003,0.2322,-0.0005677261478695823,0.0014395768028921435
0.008600000000000003,0.24080000000000004,-0.0015516188927118,-0.0012326457456543665
0.008600000000000003,0.2494,0.0013054600717975632,-0.002548125551428403
0.0172,-0.258,-0.0002662430686712157,-0.002306081652583996
0.0172,-0.24940000000000004,-0.0024596320071927397,0.000647531792882029
0.0172,-0.2408,0.00013368747226131465,0.0008855962718193772
0.0172,-0.2322,0.0011184887454716405,-0.0008769215125387654
0.0172,-0.2236,-0.0001619249895222013,0.00042738357323162876
0.0172,-0.21500000000000002,0.0008249944019356827,0.0015311237750014809
0.0172,-0.20640000000000003,0.0017890226448581796,-0.0018539503446922854
0.0172,-0.1978,-0.0018441271974859465,-0.0036690994454215368
0.0172,-0.1892,-0.004972210526751027,0.0014266731031551245
0.0172,-0.18059999999999998,-0.0006691627528344999,0.005979614383371135
0.0172,-0.172,0.006149830439928125,0.0020222617348487418
0.0172,-0.16340000000000002,0.004981479855990474,-0.005018187164580564
0.0172,-0.1548,-0.0030166632606505243,-0.005668164150476003
0.0172,-0.14620000000000002,-0.006504559892847428,0.00017412085590375336
0.0172,-0.1376,-0.002279810592440866,0.004456904922151069
0.0172,-0.129,0.0021665224471471805,0.0028673421145910356
0.0172,-0.12040000000000002,0.0018307696495818999,-0.0008447645844078507
0.0172,-0.1118,-0.00019994000597811412,-0.0013643172747236883
0.0172,-0.10319999999999997,0.00006794598951175002,0.0006140925077781597
0.0172,-0.09459999999999999,0.0022669327459394436,0.0011522860781018982
0.0172,-0.086,0.003929131441145872,-0.0015835043437259525
0.0172,-0.07740000000000002,0.0036603297731194087,-0.005502853411968705
0.0172,-0.06880000000000001,0.000248522546130572,-0.007735538841280857
0.0172,-0.06019999999999999,-0.004378444638115975,-0.007362269267926396
0.0172,-0.05159999999999999,-0.0072256013166244835,-0.004183598692847407
0.0172,-0.04300000000000001,-0.006913032364033897,-0.000626246380763919
0.0172,-0.034400000000000014,-0.0059378156851299544,0.0019693283998167225
0.0172,-0.02579999999999999,-0.0052982779056498655,0.003299083105501053
0.0172,-0.017199999999999965,-0.003636394240816155,0.00455666599229734
0.0172,-0.008599999999999969,-0.0017906630243578411,0.005136617678715988
0.0172,-2.7755575615628914e-17,-0.0012852366072341954,0.004940669273835796
0.0172,0.008600000000000038,-0.002301315951015303,0.004525031932009157
0.0172,0.017199999999999993,-0.0027853864942152815,0.0039015684530638575
0.0172,0.02579999999999999,-0.0029798206369597204,0.0026478777655981334
0.0172,0.034400000000000014,-0.003014674459602996,0.0006908498064104704
0.0172,0.04299999999999998,-0.002072811869774659,-0.0007395157611040357
0.0172,0.05160000000000002,0.000630642682410216,-0.0007779021940594123
0.0172,0.06019999999999999,0.002176628778308818,0.0012421451669744016
0.0172,0.06879999999999999,0.00004959226297259359,0.0038813631922113728
0.0172,0.07740000000000001,-0.004250549265597996,0.0035660617955420144
0.0172,0.086,-0.006063668782681347,-0.0012802124704656282
0.0172,0.09460000000000002,-0.0027683782657952818,-0.006553792186777997
0.0172,0.10320000000000001,0.003603709380523987,-0.006000511558260964
0.0172,0.11179999999999998,0.0068015979316641065,0.0003845475621851613
0.0172,0.12040000000000001,0.002574658484539385,0.005914450861279461
0.0172,0.129,-0.004254532612544001,0.004530513232482554
0.0172,0.1376,-0.00496833846712472,-0.0014945416366527852
0.0172,0.1462,0.0002782801115944253,-0.004097751807466015
0.0172,0.15480000000000002,0.0030987347554120416,-0.0007677579179021701
0.0172,0.16340000000000002,0.0006746434914417704,0.001851433290684614
0.0172,0.172,-0.0006564163512322503,0.00031105336331719533
0.0172,0.1806,0.0012359908125154592,-0.00008615643607633111
0.0172,0.1892,0.00030868878633933967,0.0024247497799955247
0.0172,0.19780000000000003,-0.0035647591017509755,0.0013374840016178052
0.0172,0.20640000000000003,-0.002574311935954551,-0.0036665130650799446
0.0172,0.21499999999999997,0.0033106986992902997,-0.0032396951295635087
0.0172,0.22360000000000002,0.003741194787208116,0.003386130582990978
0.0172,0.2322,-0.0027745097977686763,0.004432463491805163
0.0172,0.24080000000000004,-0.0048281399452375275,-0.002542758693486617
0.0172,0.2494,-0.00019949268965030383,-0.005791245027554618
0.025799999999999983,-0.258,-0.0024526175127705377,-0.004263552923519452
0.025799999999999983,-0.24940000000000004,-0.004518679778874329,0.0028862859817405905
0.025799999999999983,-0.2408,0.0024365520287855918,0.00518111878975196
0.025799999999999983,-0.2322,0.005987163493574885,-0.0006988323814078591
0.025799999999999983,-0.2236,-0.00009453915043704871,-0.004399834436832214
0.025799999999999983,-0.21500000000000002,-0.005064354884883048,-0.0005916680149891582
0.025799999999999983,-0.20640000000000003,-0.0016213770532792413,0.003638884470369941
0.025799999999999983,-0.1978,0.0024772639576683447,0.001974622456480572
0.025799999999999983,-0.1892,0.0014949144965379201,-0.0013994241124265284
0.025799999999999983,-0.18059999999999998,-0.00022010477267568346,-0.001122167764438716
0.025799999999999983,-0.172,0.0007427132256328312,0.000573742068869867
0.025799999999999983,-0.16340000000000002,0.001306811007308963,-0.0008250778275872723
0.025799999999999983,-0.1548,-0.0010806738938291185,-0.002804813287047145
0.025799999999999983,-0.14620000000000002,-0.0036171717334002374,-0.00009541653939607976
0.025799999999999983,-0.1376,-0.0024558679276840793,0.005138849550499869
0.025799999999999983,-0.129,0.0023244296972630136,0.005510289214059619
0.025799999999999983,-0.12040000000000002,0.005760211167560353,0.00010119543029700062
0.025799999999999983,-0.1118,0.0032833409157102434,-0.004988372403271735
0.025799999999999983,-0.10319999999999997,-0.0029239049699878103,-0.005308388217800256
0.025799999999999983,-0.09459999999999999,-0.0067222662217450565,-0.0017695848333395736
0.025799999999999983,-0.086,-0.005509319144737379,0.0027545565804735607
0.025799999999999983,-0.07740000000000002,-0.0019136148673092057,0.005927102701085343
0.025799999999999983,-0.06880000000000001,0.0010961828996021443,0.005304142764247568
0.025799999999999983,-0.06019999999999999,0.0025013069363793656,0.002084794276210598
0.025799999999999983,-0.05159999999999999,0.0023331960727970436,-0.0005601324361117229
0.025799999999999983,-0.04300000000000001,0.00138211206323472,-0.001679712863039712
0.025799999999999983,-0.034400000000000014,7.998506515337147e-6,-0.00250239721706877
0.025799999999999983,-0.02579999999999999,-0.001549453111217476,-0.00322907267687466
0.025799999999999983,-0.017199999999999965,-0.0025285893937138752,-0.0038359446522203237
0.025799999999999983,-0.008599999999999969,-0.002169780050735529,-0.004575803055620961
0.025799999999999983,-2.7755575615628914e-17,-0.001586782202747101,-0.005067043530220069
0.025799999999999983,0.008600000000000038,-0.001225730233592321,-0.005471721404033443
0.025799999999999983,0.017199999999999993,0.0005164558731023391,-0.006316903023756032
0.025799999999999983,0.02579999999999999,0.003591720561117466,-0.006541037089731722
0.025799999999999983,0.034400000000000014,0.00576483183360738,-0.004190787034332211
0.025799999999999983,0.04299999999999998,0.006760663875988017,-0.00036667194590079606
0.025799999999999983,0.05160000000000002,0.006963240440422523,0.0030989911088875944
0.025799999999999983,0.06019999999999999,0.0042893237078591015,0.0058154680438635255
0.025799999999999983,0.06879999999999999,-0.001713687803414794,0.006798812061237417
0.025799999999999983,0.07740000000000001,-0.005730684781288712,0.0036975934794276602
0.025799999999999983,0.086,-0.004317523460983626,-0.0018631104995292093
0.025799999999999983,0.09460000000000002,-0.0007462259443495095,-0.0038278104520573747
0.025799999999999983,0.10320000000000001,0.0006228814460866738,-0.0011306818801594789
0.025799999999999983,0.11179999999999998,0.0002277229878554209,0.0006854398223667778
0.025799999999999983,0.12040000000000001,0.0002961643162594225,-0.0011899271871314602
0.025799999999999983,0.129,0.001535259467669487,-0.00250915748077541
0.025799999999999983,0.1376,0.003232967673170873,0.00022474478221331867
0.025799999999999983,0.1462,0.0018016114336293684,0.004343242172457798
0.025799999999999983,0.15480000000000002,-0.003714036951453572,0.003833022350683264
0.025799999999999983,0.16340000000000002,-0.00588379541302334,-0.0022604240534212844
0.025799999999999983,0.172,0.000505327473459767,-0.006118257118875176
0.025799999999999983,0.1806,0.00653669036603569,-0.0014692620960795899
0.025799999999999983,0.1892,0.002658219757573332,0.005187041212535985
0.025799999999999983,0.19780000000000003,-0.004519820739227279,0.0034424296428759394
0.025799999999999983,0.20640000000000003,-0.0031493838736533714,-0.003242355013068754
0.025799999999999983,0.21499999999999997,0.002840696292873919,-0.0029801487129424223
0.025799999999999983,0.22360000000000002,0.0027248376078090335,0.0026999152315340465
0.025799999999999983,0.2322,-0.0019490411263660282,0.0031263599004807243
0.025799999999999983,0.24080000000000004,-0.0026773944964151824,-0.0013859361226859236
0.025799999999999983,0.2494,-0.0003207662681496395,-0.002490639408930436
0.034399999999999986,-0.258,-0.001440975472519883,-0.0014027941219209967
0.034399999999999986,-0.24940000000000004,-0.002444161739763904,0.0015298226342861728
0.034399999999999986,-0.2408,0.0008594099451220394,0.0030144765738557883
0.034399999999999986,-0.2322,0.0032949909680266777,-0.0006669844323690151
0.034399999999999986,-0.2236,-0.0005556025669919728,-0.0045437771349343195
0.034399999999999986,-0.21500000000000002,-0.004718628010618578,-0.0015908383556495485
0.034399999999999986,-0.20640000000000003,-0.0014904858474659517,0.004876420481552396
0.034399999999999986,-0.1978,0.0047401343789299525,0.004191193678665583
0.034399999999999986,-0.1892,0.004363544963638768,-0.0035415747006526267
0.034399999999999986,-0.18059999999999998,-0.0021160604622614816,-0.006528234170467059
0.034399999999999986,-0.172,-0.005736017262847354,0.000043208248253729196
0.034399999999999986,-0.16340000000000002,-0.0020120047288752167,0.006148259248029785
0.034399999999999986,-0.1548,0.003894342102359906,0.0036265589326918463
0.034399999999999986,-0.14620000000000002,0.0046515694371499685,-0.0026711362101121553
0.034399999999999986,-0.1376,0.0005174916449391376,-0.004401805321889893
0.034399999999999986,-0.129,-0.0022509022487155594,-0.0015234350485423518
0.034399999999999986,-0.12040000000000002,-0.0010581232690171308,0.0013360695378476753
0.034399999999999986,-0.1118,0.00047182355167320084,0.0015474686995498442
0.034399999999999986,-0.10319999999999997,0.00016577683712548852,-0.00017477698915094417
0.034399999999999986,-0.09459999999999999,-0.0010140697391910378,-0.0007143558920153321
0.034399999999999986,-0.086,-0.002019782470688136,0.0018609505106802083
0.034399999999999986,-0.07740000000000002,-0.0016656308275052813,0.005259569686444326
0.034399999999999986,-0.06880000000000001,0.0015414396130108278,0.006109701731012818
0.034399999999999986,-0.06019999999999999,0.005414543184752831,0.00513665367029418
0.034399999999999986,-0.05159999999999999,0.006665968689056909,0.0034062021068358398
0.034399999999999986,-0.04300000000000001,0.006601073361973826,0.0007334912131986165
0.034399999999999986,-0.034400000000000014,0.007082716339204376,-0.001699582403641367
0.034399999999999986,-0.02579999999999999,0.006176371898218007,-0.0023454593011397367
0.034399999999999986,-0.017199999999999965,0.0037860663141591833,-0.002589859409155079
0.034399999999999986,-0.008599999999999969,0.00281243027197366,-0.003531013599193036
0.034399999999999986,-2.7755575615628914e-17,0.003366683022146686,-0.002985663317922711
0.034399999999999986,0.008600000000000038,0.0022382361935391654,-0.0010219869922515196
0.034399999999999986,0.017199999999999993,0.000979179752301237,-0.0007073373002205438
0.034399999999999986,0.02579999999999999,0.0016834229250634349,-0.001181149857965055
0.034399999999999986,0.034400000000000014,0.0013535661439034122,0.0008900345470701952
0.034399999999999986,0.04299999999999998,-0.0018784182798519593,0.0024701504536197806
0.034399999999999986,0.05160000000000002,-0.003792691346809342,-0.0001761553752729117
0.034399999999999986,0.06019999999999999,-0.002489968840779725,-0.0034590149482252998
0.034399999999999986,0.06879999999999999,-0.0005142155375870149,-0.004145086469605199
0.034399999999999986,0.07740000000000001,0.0021130965549622854,-0.003573087221858224
0.034399999999999986,0.086,0.006126068798746343,-0.0013300881598700674
0.034399999999999986,0.09460000000000002,0.005425113394856717,0.004500335678085161
0.034399999999999986,0.10320000000000001,-0.0024551897820427435,0.00801571968223396
0.034399999999999986,0.11179999999999998,-0.007839854415078704,0.0019800005532249077
0.034399999999999986,0.12040000000000001,-0.003773435354426078,-0.006679315182417082
0.034399999999999986,0.129,0.003623540580775654,-0.006384546732695442
0.034399999999999986,0.1376,0.0056611100944510195,0.0009835213401877794
0.034399999999999986,0.1462,0.0019096031203158805,0.005218961098281903
0.034399999999999986,0.15480000000000002,-0.0032767684611317367,0.0029351097529960193
0.034399999999999986,0.16340000000000002,-0.004752734419565985,-0.0016093267950210682
0.034399999999999986,0.172,-0.0006022801134941236,-0.0036786423486511303
0.034399999999999986,0.1806,0.003492083834414785,-0.001620827104727376
0.034399999999999986,0.1892,0.002157591451505924,0.0017811153968198018
0.034399999999999986,0.19780000000000003,-0.0009014374715477452,0.0017488247583133105
0.034399999999999986,0.20640000000000003,-0.0006265512504384312,-0.0003478906719057558
0.034399999999999986,0.21499999999999997,0.0004891950193772799,-0.0005520330767422028
0.034399999999999986,0.22360000000000002,-0.00023966110293715937,-0.0003423455247961397
0.034399999999999986,0.2322,0.0004091462603116083,-0.0012477618901749748
0.034399999999999986,0.24080000000000004,0.0023083186207875977,0.00030802829955256067
0.034399999999999986,0.2494,0.0007692440023626303,0.0029076145183516196
0.043,-0.258,0.003615272174223143,0.0031578649692296642
0.043,-0.24940000000000004,0.0027267867312292487,-0.002886198132282693
0.043,-0.2408,-0.0022185993417843026,-0.0026957748662553883
0.043,-0.2322,-0.0025089114006429276,0.001256604832007239
0.043,-0.2236,0.000574763053372913,0.0012993318440173186
0.043,-0.21500000000000002,0.001077163572692924,-0.0009717696077586577
0.043,-0.20640000000000003,-0.00024382242780490206,-0.0004791859988567313
0.043,-0.1978,0.0005506435033627377,0.0007188488814406062
0.043,-0.1892,0.0015169043558353236,-0.0009489971892728775
0.043,-0.18059999999999998,-0.000834572056057799,-0.0023163070107711232
0.043,-0.172,-0.003832189189177395,0.0006526649486925894
0.043,-0.16340000000000002,-0.0019526483510682669,0.004205005494011913
0.043,-0.1548,0.003545603078751202,0.003023075707429438
0.043,-0.14620000000000002,0.005452171905817816,-0.0022023483697659924
0.043,-0.1376,0.0010441604405015588,-0.006016556248768193
0.043,-0.129,-0.0045639971118466485,-0.0046819306012750184
0.043,-0.12040000000000002,-0.005552800053488749,0.0007641294935253769
0.043,-0.1118,-0.001754168387358019,0.005332390438526962
0.043,-0.10319999999999997,0.0033576836342826895,0.005159250374004948
0.043,-0.09459999999999999,0.006486409927596545,0.0007249858558461557
0.043,-0.086,0.005956623852683707,-0.004073650482618692
0.043,-0.07740000000000002,0.0021029590406370525,-0.006345537989666668
0.043,-0.06880000000000001,-0.0017938852200542167,-0.006023209512060081
0.043,-0.06019999999999999,-0.0032018099411548705,-0.0036725764575869417
0.043,-0.05159999999999999,-0.0034656992155951962,-0.0008015794677527887
0.043,-0.04300000000000001,-0.003595141880390018,0.0011516333478871336
0.043,-0.034400000000000014,-0.0025210549036132363,0.0025747384748489813
0.043,-0.02579999999999999,-0.0003807938844473039,0.004115068898580865
0.043,-0.017199999999999965,0.0008397655332332514,0.005261313411810161
0.043,-0.008599999999999969,0.00031752840408575967,0.005487801457140989
0.043,-2.7755575615628914e-17,0.0002591260758995658,0.006295649500821094
0.043,0.008600000000000038,-0.00013773864520379348,0.0073555304756365075
0.043,0.017199999999999993,-0.001925147706021574,0.00734599928361689
0.043,0.02579999999999999,-0.004343829692907609,0.005888204282046792
0.043,0.034400000000000014,-0.006054435868700216,0.004251621075707036
0.043,0.04299999999999998,-0.007457919412507527,0.0017009909906120586
0.043,0.05160000000000002,-0.007349010102826267,-0.0024986974328552575
0.043,0.06019999999999999,-0.00443193768389035,-0.006260612243911345
0.043,0.06879999999999999,0.00036695103973786173,-0.006511318273355658
0.043,0.07740000000000001,0.004231827972445806,-0.003913774859598495
0.043,0.086,0.0050991481591519975,-0.0002930140007180448
0.043,0.09460000000000002,0.0028427133701116095,0.0028995048213425506
0.043,0.10320000000000001,-0.000704479962419565,0.0034308182322223555
0.043,0.11179999999999998,-0.002396090056246919,0.0007309778070876276
0.043,0.12040000000000001,-0.0009002940240715797,-0.0011189012678163351
0.043,0.129,0.00018003721921687702,0.0002100638045396069
0.043,0.1376,-0.0014229362191855866,0.001037925480817302
0.043,0.1462,-0.0016296376717773965,-0.0014521891208874782
0.043,0.15480000000000002,0.0019339961391084879,-0.003023446040863548
0.043,0.16340000000000002,0.0039631494951019135,0.0005058341323729037
0.043,0.172,0.0002539133925736885,0.004514374892404454
0.043,0.1806,-0.004253822164305257,0.002247251805665163
0.043,0.1892,-0.002874285163126375,-0.003503681874418907
0.043,0.19780000000000003,0.002487888095038112,-0.0037176491473332497
0.043,0.20640000000000003,0.0037058147244479977,0.0020362474771167703
0.043,0.21499999999999997,-0.0013102520703131525,0.004192235208172378
0.043,0.22360000000000002,-0.004610635592909874,-0.0010292010112182247
0.043,0.2322,-0.00010131630031483648,-0.004832237980200324
0.043,0.24080000000000004,0.005089603139435258,-0.0006533742877943408
0.043,0.2494,0.003358986783241574,0.003973542645248497
0.05159999999999999,-0.258,0.00453365006785442,0.0014865054790156717
0.05159999999999999,-0.24940000000000004,0.003555366365582918,-0.0054547276431442205
0.05159999999999999,-0.2408,-0.0032023369246647645,-0.003670882908147387
0.05159999999999999,-0.2322,-0.00407659433481254,0.003544643170895245
0.05159999999999999,-0.2236,0.0024467674160356654,0.004798641198998541
0.05159999999999999,-0.21500000000000002,0.005289477724180003,-0.0011441174089242472
0.05159999999999999,-0.20640000000000003,-0.00010884627815388969,-0.005246451023704695
0.05159999999999999,-0.1978,-0.00505757898160586,-0.0017928808009509826
0.05159999999999999,-0.1892,-0.0023072167397605974,0.004097362103325563
0.05159999999999999,-0.18059999999999998,0.003193451430078187,0.0041205973115231226
0.05159999999999999,-0.172,0.003988522818078897,-0.0015978831890235197
0.05159999999999999,-0.16340000000000002,0.0006283848982936837,-0.004603046009676248
0.05159999999999999,-0.1548,-0.00215247613768315,-0.0012539043909344243
0.05159999999999999,-0.14620000000000002,-0.0019511537555717798,0.002794805796869997
0.05159999999999999,-0.1376,0.00025899745027976455,0.0025534082910589487
0.05159999999999999,-0.129,0.0019270076345225034,0.00039765649572462067
0.05159999999999999,-0.12040000000000002,0.0010008532461078228,-0.0004926458775382516
0.05159999999999999,-0.1118,-0.0011641873532347046,-0.0004459862808073504
0.05159999999999999,-0.10319999999999997,-0.0012764736586952051,0.00022208989431596663
0.05159999999999999,-0.09459999999999999,0.0006155974138100834,0.001422642554723546
0.05159999999999999,-0.086,0.000976583919984533,0.000450322679117589
0.05159999999999999,-0.07740000000000002,-0.00042356741357663216,-0.002717477825163621
0.05159999999999999,-0.06880000000000001,-0.0016712165199924344,-0.0034600904389631747
0.05159999999999999,-0.06019999999999999,-0.0030621849534714115,-0.0017175370888668719
0.05159999999999999,-0.05159999999999999,-0.004740084225622252,-0.0008344349914205968
0.05159999999999999,-0.04300000000000001,-0.005519942968389424,-0.001244528776576965
0.05159999999999999,-0.034400000000000014,-0.004906360324017131,0.0002808156744387995
0.05159999999999999,-0.02579999999999999,-0.0041029904649942306,0.0015114522304943792
0.05159999999999999,-0.017199999999999965,-0.003775658563993037,0.0009942764165693744
0.05159999999999999,-0.008599999999999969,-0.003296775342842377,-0.00014697734970575783
0.05159999999999999,-2.7755575615628914e-17,-0.0022927915413121043,-9.20022758776093e-6
0.05159999999999999,0.008600000000000038,-0.0018535225636276199,-0.0006347588094097599
0.05159999999999999,0.017199999999999993,-0.0012321041890285688,-0.0019954184255384266
0.05159999999999999,0.02579999999999999,-0.00008701125185390307,-0.0021953463569448026
0.05159999999999999,0.034400000000000014,0.0012645913837244006,-0.0018215571723967398
0.05159999999999999,0.04299999999999998,0.002546751802521049,-0.0015927176600878728
0.05159999999999999,0.05160000000000002,0.0037398408071758486,-0.00022461619127368842
0.05159999999999999,0.06019999999999999,0.0034978976178977445,0.003243881031466056
0.05159999999999999,0.06879999999999999,0.0008617157732982237,0.005149092581809832
0.05159999999999999,0.07740000000000001,-0.0030678024781174255,0.0036430095018894176
0.05159999999999999,0.086,-0.0053006017022643095,0.0003217839703165871
0.05159999999999999,0.09460000000000002,-0.003918108676696689,-0.0033770893414439185
0.05159999999999999,0.10320000000000001,0.0009297518599308276,-0.005737333686596516
0.05159999999999999,0.11179999999999998,0.005746552736989402,-0.0029770372334083453
0.05159999999999999,0.12040000000000001,0.004874315579385629,0.003953333665839318
0.05159999999999999,0.129,-0.0014871386205950715,0.0069159978722910685
0.05159999999999999,0.1376,-0.006138679265876756,0.0012676051225814823
0.05159999999999999,0.1462,-0.0033785358411101926,-0.005691689800079923
0.05159999999999999,0.15480000000000002,0.003499421677339666,-0.004909886837775921
0.05159999999999999,0.16340000000000002,0.005602206134584389,0.0018239266200220435
0.05159999999999999,0.172,0.0005006460230236201,0.0055891421765804665
0.05159999999999999,0.1806,-0.004811998159301944,0.002100677035261418
0.05159999999999999,0.1892,-0.003472289345597931,-0.0037540006326647166
0.05159999999999999,0.19780000000000003,0.0023830145397261016,-0.003559404015330937
0.05159999999999999,0.20640000000000003,0.003835783057763867,0.0019959752739379497
0.05159999999999999,0.21499999999999997,-0.0008859514927499271,0.00439437096028478
0.05159999999999999,0.22360000000000002,-0.004273451351788373,0.00015606163493353867
0.05159999999999999,0.2322,-0.0008592458791979419,-0.003565126323593788
0.05159999999999999,0.24080000000000004,0.002912091582224532,-0.001326062840417837
0.05159999999999999,0.2494,0.0018764383896879547,0.0015965568443701823
0.06019999999999998,-0.258,0.00010909598444832379,-0.0010431306047553447
0.06019999999999998,-0.24940000000000004,-0.00047482782268102366,-0.0007132750579068347
0.06019999999999998,-0.2408,-0.0018356017605472544,-0.0006960494495909179
0.06019999999999998,-0.2322,-0.0017351363271848855,0.0011972944595976989
0.06019999999999998,-0.2236,0.0014700913695960837,0.0027733032087276554
0.06019999999999998,-0.21500000000000002,0.0035386827654649996,0.0001345549070119114
0.06019999999999998,-0.20640000000000003,-0.00010590272942306777,-0.003455987778334979
0.06019999999999998,-0.1978,-0.004851265748581563,-0.0014111555946242675
0.06019999999999998,-0.1892,-0.0028406996247489413,0.0036392399660988587
0.06019999999999998,-0.18059999999999998,0.003640338739767214,0.0038806003829497905
0.06019999999999998,-0.172,0.005178295425902672,-0.001892954599475504
0.06019999999999998,-0.16340000000000002,0.0003162945864385786,-0.006377301196759461
0.06019999999999998,-0.1548,-0.00443029767336783,-0.003824040060165634
0.06019999999999998,-0.14620000000000002,-0.004814145798468417,0.003228728499454372
0.06019999999999998,-0.1376,-0.0008697490401891032,0.006966557443722841
0.06019999999999998,-0.129,0.005337946342067682,0.003807239176306928
0.06019999999999998,-0.12040000000000002,0.007743949868729265,-0.0019474146025456444
0.06019999999999998,-0.1118,0.0025307349462959094,-0.005673473399426196
0.06019999999999998,-0.10319999999999997,-0.004337111487200802,-0.005311047660310614
0.06019999999999998,-0.09459999999999999,-0.0063254225202040645,-0.0007472708270735924
0.06019999999999998,-0.086,-0.004738067694386609,0.004794160646016146
0.06019999999999998,-0.07740000000000002,-0.002434795604345351,0.007836497861032092
0.06019999999999998,-0.06880000000000001,0.0011314105754039155,0.007208904787300508
0.06019999999999998,-0.06019999999999999,0.005381148067235816,0.005273730852905204
0.06019999999999998,-0.05159999999999999,0.006244631609218672,0.003292456404988079
0.06019999999999998,-0.04300000000000001,0.0048112655795592455,0.0002552187372597131
0.06019999999999998,-0.034400000000000014,0.004469992204856314,-0.0024303724342009366
0.06019999999999998,-0.02579999999999999,0.003907450802121146,-0.0035196836468499287
0.06019999999999998,-0.017199999999999965,0.0014859296710704765,-0.003918607939949133
0.06019999999999998,-0.008599999999999969,0.00015261491555900394,-0.005449823531927333
0.06019999999999998,-2.7755575615628914e-17,0.0015750659585080276,-0.0064610055931526005
0.06019999999999998,0.008600000000000038,0.0022720119758998024,-0.006077627471124556
0.06019999999999998,0.017199999999999993,0.0018279402697655254,-0.0056706086598062415
0.06019999999999998,0.02579999999999999,0.003254558128850234,-0.00558935908744776
0.06019999999999998,0.034400000000000014,0.006391374054215177,-0.003721833046054734
0.06019999999999998,0.04299999999999998,0.0062449301613458985,-0.0005267969552040892
0.06019999999999998,0.05160000000000002,0.004936404161980889,0.0019155580260534419
0.06019999999999998,0.06019999999999999,0.0036133577324667186,0.003592596144464748
0.06019999999999998,0.06879999999999999,0.000855338560048045,0.0050912812203408025
0.06019999999999998,0.07740000000000001,-0.0032466730157131715,0.003719152583457681
0.06019999999999998,0.086,-0.004327923139962167,-0.0004180837469694525
0.06019999999999998,0.09460000000000002,-0.0016170357706825997,-0.002788828778310517
0.06019999999999998,0.10320000000000001,0.0013061312541978324,-0.0019721617982324867
0.06019999999999998,0.11179999999999998,0.0019296377587635838,-0.00035322090814935114
0.06019999999999998,0.12040000000000001,0.0012696464744287848,0.0009500364085499866
0.06019999999999998,0.129,0.00014176639603262088,0.0012177356899409338
0.06019999999999998,0.1376,-0.0007229761961288157,-0.00007914187801731867
0.06019999999999998,0.1462,-0.0001627727582692967,-0.0007096393744638223
0.06019999999999998,0.15480000000000002,0.0004832617040862029,0.0007041547461948256
0.06019999999999998,0.16340000000000002,-0.000800749262969453,0.0010212266010802293
0.06019999999999998,0.172,-0.0013499088235545793,-0.001430291483051441
0.06019999999999998,0.1806,0.0010820312496824698,-0.002192774570905681
0.06019999999999998,0.1892,0.002535852137805809,0.0010815155374222357
0.06019999999999998,0.19780000000000003,-0.00018415655592735563,0.0028099519076505517
0.06019999999999998,0.20640000000000003,-0.0022590643338989327,-0.0006223033339182524
0.06019999999999998,0.21499999999999997,0.00021606483983521455,-0.003136145915193836
0.06019999999999998,0.22360000000000002,0.002733385052614959,-0.00004820031370352138
0.06019999999999998,0.2322,0.0005745644476585641,0.0031777445505242878
0.06019999999999998,0.24080000000000004,-0.0029375849768368874,0.0011082067554216682
0.06019999999999998,0.2494,-0.0026978998161375192,-0.0018908892552672511
0.06879999999999999,-0.258,-0.004639151973474724,-0.00029052377631714923
0.06879999999999999,-0.24940000000000004,-0.0009227320974627382,0.0047572684432573295
0.06879999999999999,-0.2408,0.0037565886023589643,0.0020387670934971266
0.06879999999999999,-0.2322,0.0018137343207199539,-0.0036085155853816855
0.06879999999999999,-0.2236,-0.003148200620982451,-0.003173960346388358
0.06879999999999999,-0.21500000000000002,-0.0033816392318900376,0.0019811903121462492
0.06879999999999999,-0.20640000000000003,0.0012764740783331252,0.0037197878798990135
0.06879999999999999,-0.1978,0.0036226599146631324,0.00023724358598897394
0.06879999999999999,-0.1892,0.000794480287508942,-0.0030530823327188064
0.06879999999999999,-0.18059999999999998,-0.002698388545721675,-0.0018311420310609618
0.06879999999999999,-0.172,-0.002762206100988963,0.0018209140604815346
0.06879999999999999,-0.16340000000000002,-0.00026515414178341344,0.0030754508516142964
0.06879999999999999,-0.1548,0.0018185109894701698,0.000652204957107982
0.06879999999999999,-0.14620000000000002,0.0016284543478058617,-0.0018068767233854622
0.06879999999999999,-0.1376,-0.0007236633267003087,-0.0022285381167233918
0.06879999999999999,-0.129,-0.001833691728884492,-0.001306938335125496
0.06879999999999999,-0.12040000000000002,-0.0004732602179348432,0.0002093289188436816
0.06879999999999999,-0.1118,0.00038927789862301085,0.0008900546327297291
0.06879999999999999,-0.10319999999999997,0.0003034929972295686,-0.000504977905015272
0.06879999999999999,-0.09459999999999999,0.0005944217834444692,-0.0014258683948621263
0.06879999999999999,-0.086,0.0004989498554964404,-0.0006444112752932565
0.06879999999999999,-0.07740000000000002,0.0003902289623729321,0.00018310665125643232
0.06879999999999999,-0.06880000000000001,0.0005890457540541005,0.0004881416086258537
0.06879999999999999,-0.06019999999999999,0.0012780820702766346,-0.00020857929364486748
0.06879999999999999,-0.05159999999999999,0.0022995365935492007,0.00007347080391651796
0.06879999999999999,-0.04300000000000001,0.0021720638383790638,0.00043288466178187455
0.06879999999999999,-0.034400000000000014,0.002576910842625535,0.0003427107660388807
0.06879999999999999,-0.02579999999999999,0.002651280792747801,0.00048651820161900466
0.06879999999999999,-0.017199999999999965,0.0025693297121849256,0.001295433608867597
0.06879999999999999,-0.008599999999999969,0.001908966791132555,0.002278182576716159
0.06879999999999999,-2.7755575615628914e-17,0.0015506726807906187,0.002838579551016606
0.06879999999999999,0.008600000000000038,0.0011441111990706584,0.003307328181638632
0.06879999999999999,0.017199999999999993,0.000037853468079866044,0.0039199472358508
0.06879999999999999,0.02579999999999999,-0.0016680951171925739,0.003940979847816821
0.06879999999999999,0.034400000000000014,-0.0031091850806044116,0.003259217299697419
0.06879999999999999,0.04299999999999998,-0.004250779472878153,0.0016242808145630885
0.06879999999999999,0.05160000000000002,-0.004957930252561132,-0.0009059966951590438
0.06879999999999999,0.06019999999999999,-0.003943515420779014,-0.0034570751533743254
0.06879999999999999,0.06879999999999999,-0.0004914964543816667,-0.005086760308667025
0.06879999999999999,0.07740000000000001,0.003335026133664821,-0.004036767995794739
0.06879999999999999,0.086,0.005189593581764041,-0.000594021688588455
0.06879999999999999,0.09460000000000002,0.0035435689041853386,0.00370781795854256
0.06879999999999999,0.10320000000000001,-0.0006004278902339055,0.005447701278955121
0.06879999999999999,0.11179999999999998,-0.004599013046080136,0.002174249338710883
0.06879999999999999,0.12040000000000001,-0.004876478099325823,-0.003201767792391512
0.06879999999999999,0.129,0.0003561381959297049,-0.005276234252096843
0.06879999999999999,0.1376,0.005684731620700799,-0.0019232025213701406
0.06879999999999999,0.1462,0.0037719377546461255,0.004024601564065087
0.06879999999999999,0.15480000000000002,-0.0030837942122443483,0.005399051568463507
0.06879999999999999,0.16340000000000002,-0.005649925272218455,-0.0006746311747519649
0.06879999999999999,0.172,-0.0009542546664334334,-0.005965682018176129
0.06879999999999999,0.1806,0.004810020744657429,-0.0023348997418230167
0.06879999999999999,0.1892,0.003499403268147942,0.004380030174664953
0.06879999999999999,0.19780000000000003,-0.002880316294758272,0.003991420437356855
0.06879999999999999,0.20640000000000003,-0.00451591326626707,-0.0024684190389099433
0.06879999999999999,0.21499999999999997,0.0013536613716948933,-0.004914904603233017
0.06879999999999999,0.22360000000000002,0.005194048692490518,0.0005132958236120236
0.06879999999999999,0.2322,0.0006782457831438337,0.004821771545318962
0.06879999999999999,0.24080000000000004,-0.004311546466815888,0.0009463361648417698
0.06879999999999999,0.2494,-0.0026195756061744933,-0.0034362896955343466
0.0774,-0.258,-0.006189979689667907,-0.0002283444713558946
0.0774,-0.24940000000000004,-0.0018421853300217962,0.0076653442303560295
0.0774,-0.2408,0.006490533824664339,0.003726080475753054
0.0774,-0.2322,0.005729441584250917,-0.005701456821265628
0.0774,-0.2236,-0.0038535994243005505,-0.0063748266911289805
0.0774,-0.21500000000000002,-0.007237445953272828,0.0016530662244310594
0.0774,-0.20640000000000003,0.0008476575107192733,0.006691998376077299
0.0774,-0.1978,0.007251909348573665,0.001987683673140646
0.0774,-0.1892,0.003032918249148351,-0.005747497607096753
0.0774,-0.18059999999999998,-0.004715243216699064,-0.005533990617942306
0.0774,-0.172,-0.00594191476225199,0.0030344739257788774
0.0774,-0.16340000000000002,-0.0008103203527590805,0.008172947965471479
0.0774,-0.1548,0.00599284667908292,0.0034488516571613836
0.0774,-0.14620000000000002,0.0071178234684382,-0.0036995928653096957
0.0774,-0.1376,-0.0006502253750484225,-0.00712767288913732
0.0774,-0.129,-0.007416116760156335,-0.005071925576329794
0.0774,-0.12040000000000002,-0.006650067392366697,0.003477941217715044
0.0774,-0.1118,-0.0028988952298392803,0.008456590764723989
0.0774,-0.10319999999999997,0.0037836118495813073,0.004849393983964174
0.0774,-0.09459999999999999,0.0077644159201376035,0.0005418526636584202
0.0774,-0.086,0.004758198305009022,-0.004801588915120627
0.0774,-0.07740000000000002,0.0026330710128949233,-0.009081289789294938
0.0774,-0.06880000000000001,-0.0030401370962232707,-0.008224830788549218
0.0774,-0.06019999999999999,-0.006663812645280414,-0.008648486863527103
0.0774,-0.05159999999999999,-0.008053060265631181,-0.0038878137576936786
0.0774,-0.04300000000000001,-0.008999103125467221,-0.0017967051403349618
0.0774,-0.034400000000000014,-0.006663457258864033,0.0010338345475424155
0.0774,-0.02579999999999999,-0.006874075810462565,0.0026659845188060313
0.0774,-0.017199999999999965,-0.0035006463980693176,0.002474033754455326
0.0774,-0.008599999999999969,-0.0028408426009479673,0.004347291059572523
0.0774,-2.7755575615628914e-17,-0.0013245957628236018,0.003795037372505014
0.0774,0.008600000000000038,-0.002577725172330741,0.00507267207085501
0.0774,0.017199999999999993,-0.0008437915698332289,0.0032357096212544127
0.0774,0.02579999999999999,-0.0024612820875684603,0.004352113337197762
0.0774,0.034400000000000014,-0.0019916128885863016,0.003288833611117614
0.0774,0.04299999999999998,-0.004186142610817309,0.0020961335516373096
0.0774,0.05160000000000002,-0.004071634480375623,0.0007263793118036446
0.0774,0.06019999999999999,-0.004011470231864513,-0.001877813881023587
0.0774,0.06879999999999999,-0.0015418812081663452,-0.003361518010185799
0.0774,0.07740000000000001,0.0019303189606656836,-0.0036140456932078984
0.0774,0.086,0.0035877924976922327,-0.0013818610558241115
0.0774,0.09460000000000002,0.0025269980130550626,0.0026440641533283125
0.0774,0.10320000000000001,0.0004923990878470182,0.004030483512035179
0.0774,0.11179999999999998,-0.003362991881022883,0.0014223760489315651
0.0774,0.12040000000000001,-0.004944675630615952,-0.00111399741476035
0.0774,0.129,-0.0006669727963184849,-0.00323240584379052
0.0774,0.1376,0.003687757152286704,-0.0029212028465442547
0.0774,0.1462,0.003034501084277002,0.0016433240640609202
0.0774,0.15480000000000002,-0.000295788764124672,0.004402634979261579
0.0774,0.16340000000000002,-0.0028777124868571854,0.001050357877623734
0.0774,0.172,-0.00169555001248321,-0.0032074010655464007
0.0774,0.1806,0.001972460731622772,-0.002301935246397291
0.0774,0.1892,0.002779819754543847,0.0022051485652326893
0.0774,0.19780000000000003,-0.001293110005675959,0.003807697381833373
0.0774,0.20640000000000003,-0.003798494079768034,-0.0003700842017260332
0.0774,0.21499999999999997,-0.0013246884705304367,-0.0037873887406686597
0.0774,0.22360000000000002,0.002075755916346115,-0.0008167778306578229
0.0774,0.2322,0.0018198701167158231,0.0029090275802550816
0.0774,0.24080000000000004,-0.0010566398137982708,0.0005017541054105639
0.0774,0.2494,-0.001171111962020114,-0.0025041878967867804
