"Frequency(GHz)","kx(2π/a)","kx(2π/a)","Abs[Ez]","Arg[Ez]"
10.,-1.,-1.,0.000022021936886076936,2.6191697894904613
10.,-1.,-0.9666666666666668,0.00002895676439913111,2.7735931543611354
10.,-1.,-0.9333333333333332,0.000028943374639328695,-3.02400088352806
10.,-1.,-0.8999999999999999,0.000026265192976561434,-2.5538938409483958
10.,-1.,-0.8666666666666667,0.00001588153166546628,-2.201345681454277
10.,-1.,-0.8333333333333335,5.610282411009111e-6,1.325466381069239
10.,-1.,-0.8,0.00002024864286021049,1.1508977931149913
10.,-1.,-0.7666666666666666,0.000013278127699960602,-0.047078949563346253
10.,-1.,-0.7333333333333334,0.00003868542005019068,-0.7786116571787557
10.,-1.,-0.7,0.00005395971794885731,-1.0891074973722945
10.,-1.,-0.6666666666666669,0.000038758186098774016,-2.169098882270748
10.,-1.,-0.6333333333333335,0.00001796119685117423,-2.8930946185576514
10.,-1.,-0.6000000000000001,0.000013743104385745982,0.046361266905179006
10.,-1.,-0.5666666666666668,0.0001129506860689933,-0.9289037890300776
10.,-1.,-0.5333333333333332,0.0002929891026531271,-0.33097205198841756
10.,-1.,-0.5,0.00039358656972408835,0.25600565527130453
10.,-1.,-0.4666666666666668,0.00033174634950074145,0.37321512476228685
10.,-1.,-0.43333333333333335,0.00024420750345662245,0.19916010930137135
10.,-1.,-0.39999999999999997,0.00011868383565565358,0.5857907916576409
10.,-1.,-0.3666666666666667,0.00006657853685172044,3.0148611508456424
10.,-1.,-0.3333333333333334,0.00014835087924310324,-1.815295328617637
10.,-1.,-0.3000000000000001,0.00014912559130596072,-1.1190346708503263
10.,-1.,-0.2666666666666667,8.840941954996655e-6,0.7332327363980023
10.,-1.,-0.23333333333333323,0.000055967322509476815,0.2252934944404186
10.,-1.,-0.19999999999999998,0.00018309222656486877,0.02996141534691177
10.,-1.,-0.1666666666666668,0.00020511064008147103,0.4613397929812925
10.,-1.,-0.13333333333333347,0.0002212726803772652,0.8229762529769981
10.,-1.,-0.09999999999999999,0.0001832758870037158,1.316226334929878
10.,-1.,-0.06666666666666665,0.00018052324067925502,1.9708525003391753
10.,-1.,-0.033333333333333326,0.0001657327270997339,2.3621820965506397
10.,-1.,-7.780343540788976e-17,0.00015637317660285345,2.583247452336205
10.,-1.,0.033333333333333326,0.00015837782401702686,2.1223371082826215
10.,-1.,0.06666666666666658,0.00016405157259872458,1.742390166578512
10.,-1.,0.09999999999999983,0.00013534125618559496,1.092143616227681
10.,-1.,0.1333333333333334,0.00016854732984541559,0.3505578283499634
10.,-1.,0.16666666666666657,0.00010947215184464628,-0.4035765529797233
10.,-1.,0.20000000000000004,0.00008169963397623809,-3.004550563551701
10.,-1.,0.2333333333333333,0.00019859845301637625,2.465669052790523
10.,-1.,0.26666666666666655,0.00009884960773336609,1.7296298942411095
10.,-1.,0.29999999999999993,0.000061410973318936,0.6632989421335378
10.,-1.,0.3333333333333332,0.00004642124760011514,1.0817599714100867
10.,-1.,0.3666666666666667,0.000039608214242895706,0.47300655231770106
10.,-1.,0.39999999999999997,0.000038693976468250994,1.5970699389179812
10.,-1.,0.4333333333333331,0.000022789956041553912,-1.7978959451493737
10.,-1.,0.4666666666666666,0.00030305730734921224,-1.1779848667706885
10.,-1.,0.49999999999999983,0.0003719970343835851,-1.0113508849425636
10.,-1.,0.5333333333333334,0.0004389825928971936,-0.16087554854218808
10.,-1.,0.5666666666666667,0.0007467297155619259,0.01895625697252497
10.,-1.,0.6,0.000455158071299805,0.04041177159873186
10.,-1.,0.6333333333333332,0.00004251083998500539,1.0809939653259597
10.,-1.,0.6666666666666665,0.00003068972799522346,-2.8133524248245
10.,-1.,0.7,0.00002890793247545571,-0.851985635109392
10.,-1.,0.7333333333333333,0.00003599113534800756,0.25442967927256427
10.,-1.,0.7666666666666668,0.000025576432466795292,0.4335540107418617
10.,-1.,0.8,0.000029849771998804372,0.27005301793704
10.,-1.,0.8333333333333333,0.000049165225415519734,0.8917600576831546
10.,-1.,0.8666666666666666,0.00005578661682853575,1.2736200848607606
10.,-1.,0.8999999999999998,0.00003518547980899066,1.2373532237068916
10.,-1.,0.9333333333333333,0.00001580739738965009,0.9437065446361386
10.,-1.,0.9666666666666666,8.019328512634544e-6,2.027285615193214
10.,-0.9000000000000001,-1.,0.000013710885742525812,2.76780263876053
10.,-0.9000000000000001,-0.9666666666666668,0.00002638934596821726,2.93392431721207
10.,-0.9000000000000001,-0.9333333333333332,0.00002490194460440815,3.036296172121394
10.,-0.9000000000000001,-0.8999999999999999,0.000015269719411322898,-2.963348888368395
10.,-0.9000000000000001,-0.8666666666666667,5.218527342181805e-6,-2.712556210428893
10.,-0.9000000000000001,-0.8333333333333335,0.000011186225390207796,0.9791795081929394
10.,-0.9000000000000001,-0.8,9.473282976077728e-6,0.5184903794128262
10.,-0.9000000000000001,-0.7666666666666666,0.00002633029268237644,-1.9207664375875295
10.,-0.9000000000000001,-0.7333333333333334,0.000034939872186369194,-2.2241012565022746
10.,-0.9000000000000001,-0.7,0.000024999664912053597,-2.034065145597855
10.,-0.9000000000000001,-0.6666666666666669,0.0000108384199547299,-2.8537413509548846
10.,-0.9000000000000001,-0.6333333333333335,0.000025567875446995164,-1.1886442452007786
10.,-0.9000000000000001,-0.6000000000000001,0.00011174467731567378,-1.5971725095342986
10.,-0.9000000000000001,-0.5666666666666668,0.0001786448684941504,-1.3477526370744104
10.,-0.9000000000000001,-0.5333333333333332,0.0003117864353303257,-0.40376543969086576
10.,-0.9000000000000001,-0.5,0.00032084924610423736,0.11899790118766822
10.,-0.9000000000000001,-0.4666666666666668,0.00015474939842516946,0.32896744763159824
10.,-0.9000000000000001,-0.43333333333333335,0.0001419856773799931,-0.08686961670405388
10.,-0.9000000000000001,-0.39999999999999997,0.0001097081970305934,0.5856380363390127
10.,-0.9000000000000001,-0.3666666666666667,0.00015863128234878582,2.1907984486603254
10.,-0.9000000000000001,-0.3333333333333334,0.000010729597292431867,0.8524441247504387
10.,-0.9000000000000001,-0.3000000000000001,0.00023559841646434993,-0.3980077467444776
10.,-0.9000000000000001,-0.2666666666666667,0.00004856661271860815,-1.479570109255232
10.,-0.9000000000000001,-0.23333333333333323,0.00013692992431684408,-2.8275097914114675
10.,-0.9000000000000001,-0.19999999999999998,0.00011663122901433759,-0.5088731129707141
10.,-0.9000000000000001,-0.1666666666666668,0.00018544600207023564,0.060485044445484706
10.,-0.9000000000000001,-0.13333333333333347,0.00018296725136519954,1.1416815785147665
10.,-0.9000000000000001,-0.09999999999999999,0.00019142040297070483,1.8000710778737854
10.,-0.9000000000000001,-0.06666666666666665,0.00016714715455845358,2.6061896323294955
10.,-0.9000000000000001,-0.033333333333333326,0.0001534752330006241,2.9788005711226413
10.,-0.9000000000000001,-7.780343540788976e-17,0.0001023989234982622,-2.941200504680812
10.,-0.9000000000000001,0.033333333333333326,0.00005427379090356893,-2.592768026565842
10.,-0.9000000000000001,0.06666666666666658,0.00001635893802843397,-2.1733508798691417
10.,-0.9000000000000001,0.09999999999999983,0.00005635248864543884,0.5034632757821211
10.,-0.9000000000000001,0.1333333333333334,0.00012713498501747242,0.21851376422607816
10.,-0.9000000000000001,0.16666666666666657,0.00015021988858531898,-0.40887840730824865
10.,-0.9000000000000001,0.20000000000000004,0.00007492769210409213,-1.7801180446333786
10.,-0.9000000000000001,0.2333333333333333,0.00013776816617314762,-2.733416989619364
10.,-0.9000000000000001,0.26666666666666655,0.000014813067011175175,-0.5951553160389299
10.,-0.9000000000000001,0.29999999999999993,0.00003294771979491638,0.972058998626313
10.,-0.9000000000000001,0.3333333333333332,0.00007275528983156774,-2.9046871105577763
10.,-0.9000000000000001,0.3666666666666667,0.000052766024358336274,-3.019949802666412
10.,-0.9000000000000001,0.39999999999999997,0.00008654718585526717,2.380554572854
10.,-0.9000000000000001,0.4333333333333331,0.00014203333007793776,1.5322202295972809
10.,-0.9000000000000001,0.4666666666666666,0.00017012721221371297,-0.03491408944675277
10.,-0.9000000000000001,0.49999999999999983,0.00047233637425878516,-1.2789004263593702
10.,-0.9000000000000001,0.5333333333333334,0.0006433685861862292,-1.4781790888916215
10.,-0.9000000000000001,0.5666666666666667,0.00045781727474704755,-0.9170904385958797
10.,-0.9000000000000001,0.6,0.0003020351890310447,-0.15305937262756428
10.,-0.9000000000000001,0.6333333333333332,0.00007098164715746137,0.6647702958244645
10.,-0.9000000000000001,0.6666666666666665,0.00002436447467017237,2.4562056828851064
10.,-0.9000000000000001,0.7,8.602993740721911e-6,1.5705384592290172
10.,-0.9000000000000001,0.7333333333333333,0.000018743859080544952,0.9958281190849113
10.,-0.9000000000000001,0.7666666666666668,2.403085791891698e-6,2.0362357803588176
10.,-0.9000000000000001,0.8,7.471344088549124e-6,0.03655554972325459
10.,-0.9000000000000001,0.8333333333333333,0.000035446424981771304,0.787318790487147
10.,-0.9000000000000001,0.8666666666666666,0.00003753351837381611,1.3837816871735493
10.,-0.9000000000000001,0.8999999999999998,0.000018259876502247158,1.8864664121282044
10.,-0.9000000000000001,0.9333333333333333,8.996113138963816e-6,-1.191511527484198
10.,-0.9000000000000001,0.9666666666666666,7.348156605659346e-6,-1.1781704241819297
10.,-0.8,-1.,0.00001332383211186873,-2.9498301664743782
10.,-0.8,-0.9666666666666668,0.00003230715666187911,-2.9294615297793936
10.,-0.8,-0.9333333333333332,0.00003218603470665544,3.12717322476842
10.,-0.8,-0.8999999999999999,0.00002713129396934365,2.9936559207099114
10.,-0.8,-0.8666666666666667,0.000018957286147820552,2.9139430320989836
10.,-0.8,-0.8333333333333335,7.845669114508753e-6,2.92428212896819
10.,-0.8,-0.8,0.000012073869478121508,-2.839703182953029
10.,-0.8,-0.7666666666666666,0.000023128583258946467,-2.8896524721815293
10.,-0.8,-0.7333333333333334,0.00002499354633311377,2.902541904737602
10.,-0.8,-0.7,9.170260565631827e-6,2.4919049930141504
10.,-0.8,-0.6666666666666669,0.000014803090232481238,0.9936744744615887
10.,-0.8,-0.6333333333333335,0.00003878680661696736,-0.7269256411575812
10.,-0.8,-0.6000000000000001,0.000169387915484839,-1.8246302081239658
10.,-0.8,-0.5666666666666668,0.0002777033134776837,-2.0179541859959036
10.,-0.8,-0.5333333333333332,0.0001859606360588389,-1.0388627731856483
10.,-0.8,-0.5,0.00017230191752224736,0.1912041835126093
10.,-0.8,-0.4666666666666668,0.000038834439443622754,-0.10115927964757805
10.,-0.8,-0.43333333333333335,0.00021208026784997583,-1.0176856362687192
10.,-0.8,-0.39999999999999997,0.00013853310971756667,-0.7240100625759929
10.,-0.8,-0.3666666666666667,0.000253267418308537,2.5009801556792586
10.,-0.8,-0.3333333333333334,0.00031372396972347775,2.6562584799584816
10.,-0.8,-0.3000000000000001,0.00010310016994938444,-0.19622821082348146
10.,-0.8,-0.2666666666666667,0.00014373619505796747,-0.6810506710962438
10.,-0.8,-0.23333333333333323,0.00021532492086454743,-2.089544793913189
10.,-0.8,-0.19999999999999998,0.0002566247231241174,-0.975217897653357
10.,-0.8,-0.1666666666666668,0.0003975556118670142,0.13359597259267625
10.,-0.8,-0.13333333333333347,0.0004940361700191046,1.1085687545048022
10.,-0.8,-0.09999999999999999,0.00055605734157899,1.842440486623571
10.,-0.8,-0.06666666666666665,0.0005022447158117401,2.548661868789637
10.,-0.8,-0.033333333333333326,0.00044423943702318595,-3.120857685203717
10.,-0.8,-7.780343540788976e-17,0.00034431088100968563,-2.4229575161675125
10.,-0.8,0.033333333333333326,0.0002783203568283451,-1.240149728120579
10.,-0.8,0.06666666666666658,0.0003601491722425375,0.16659239215722918
10.,-0.8,0.09999999999999983,0.0005348592334420577,0.8102770646181411
10.,-0.8,0.1333333333333334,0.0004336231567504894,0.5723007014770736
10.,-0.8,0.16666666666666657,0.0004007131019991399,-0.3325054254805661
10.,-0.8,0.20000000000000004,0.0003123790360910465,-1.2552874748376868
10.,-0.8,0.2333333333333333,0.0002460668526596621,-2.3364258101250903
10.,-0.8,0.26666666666666655,0.0001457631818017863,2.050579676153405
10.,-0.8,0.29999999999999993,0.00005376897748546545,1.3237461316663532
10.,-0.8,0.3333333333333332,0.00032140531003413555,-1.469338464579473
10.,-0.8,0.3666666666666667,0.0002218970812804694,-1.5204798859072923
10.,-0.8,0.39999999999999997,0.00011502947471434219,2.1819130499190855
10.,-0.8,0.4333333333333331,0.0002019510324996472,1.8569031505483733
10.,-0.8,0.4666666666666666,0.00018355989755408734,1.243095222022951
10.,-0.8,0.49999999999999983,0.00023111859644199645,-1.7713075331260946
10.,-0.8,0.5333333333333334,0.0007973812155171938,-2.3032442077506934
10.,-0.8,0.5666666666666667,0.0005685428036407119,-2.58531188351737
10.,-0.8,0.6,0.000026183211835122743,1.2468386893396053
10.,-0.8,0.6333333333333332,0.0000932936797764721,0.4555566716254813
10.,-0.8,0.6666666666666665,9.003139992646729e-6,2.083466948160452
10.,-0.8,0.7,6.0014892939227374e-6,2.673589754470479
10.,-0.8,0.7333333333333333,0.000018638171706244977,1.5920554584179598
10.,-0.8,0.7666666666666668,0.000018330744519225387,2.2407844720287113
10.,-0.8,0.8,2.5075156496285578e-6,2.556976538403358
10.,-0.8,0.8333333333333333,0.00002275550629289554,0.31570475555876887
10.,-0.8,0.8666666666666666,0.000019227318286450047,1.482846456402761
10.,-0.8,0.8999999999999998,0.000024798355485322377,2.7733868114287534
10.,-0.8,0.9333333333333333,0.00001671941640020213,-2.565736328245129
10.,-0.8,0.9666666666666666,4.6261410184338045e-6,-1.6962027250539065
10.,-0.7,-1.,0.000015926154823365438,2.7514458113110143
10.,-0.7,-0.9666666666666668,0.000019847918355659224,2.5276894176602607
10.,-0.7,-0.9333333333333332,0.000024406981231586346,2.125044457347867
10.,-0.7,-0.8999999999999999,0.000026880168875871908,2.515012551558895
10.,-0.7,-0.8666666666666667,0.000027028377954985068,-3.1373718839140348
10.,-0.7,-0.8333333333333335,0.000015646952821251585,-2.068089963679159
10.,-0.7,-0.8,0.00001340956550745251,-1.6148815906940777
10.,-0.7,-0.7666666666666666,9.654210321593977e-6,-2.506815191536952
10.,-0.7,-0.7333333333333334,0.00001566636241873238,3.0973441827224457
10.,-0.7,-0.7,9.290278655853762e-6,2.8921246355895898
10.,-0.7,-0.6666666666666669,2.4863234744282256e-6,1.2004007753175117
10.,-0.7,-0.6333333333333335,0.00003242593610705157,-0.4295953933031779
10.,-0.7,-0.6000000000000001,0.00010846187710384546,-1.4853504205367756
10.,-0.7,-0.5666666666666668,0.0002722290865227482,-2.061338944610315
10.,-0.7,-0.5333333333333332,0.0001424152138564998,-1.6950219195843599
10.,-0.7,-0.5,0.00010775002388294052,0.6328180263274339
10.,-0.7,-0.4666666666666668,0.00007814730976925926,-1.654473511173044
10.,-0.7,-0.43333333333333335,0.00037381043298519357,-1.0372532307731932
10.,-0.7,-0.39999999999999997,0.00037618237275287205,-0.6574520331063801
10.,-0.7,-0.3666666666666667,0.0001397308414617085,-2.8789200369021617
10.,-0.7,-0.3333333333333334,0.00036589689980794316,-3.03489301990677
10.,-0.7,-0.3000000000000001,0.00008346403311039645,-0.837278783858427
10.,-0.7,-0.2666666666666667,0.00026556088382495406,0.4725917359872461
10.,-0.7,-0.23333333333333323,0.0004197385076070035,2.333685720553983
10.,-0.7,-0.19999999999999998,0.0008782761407958072,-2.9594119358360325
10.,-0.7,-0.1666666666666668,0.0012995416470052,-2.035917871833987
10.,-0.7,-0.13333333333333347,0.0017619074797439699,-1.2772375326545624
10.,-0.7,-0.09999999999999999,0.002078947265618222,-0.7022649148858645
10.,-0.7,-0.06666666666666665,0.0022012371109070396,-0.27364725508484145
10.,-0.7,-0.033333333333333326,0.0019156360910658607,-0.007697357424576713
10.,-0.7,-7.780343540788976e-17,0.0011117797779998937,-0.08500930836824282
10.,-0.7,0.033333333333333326,0.0008000210649174052,-1.3592215768409177
10.,-0.7,0.06666666666666658,0.0014081145013939591,-1.975395846059683
10.,-0.7,0.09999999999999983,0.0016444477331991746,-2.3881904367258704
10.,-0.7,0.1333333333333334,0.001544990337890961,-2.899888605482175
10.,-0.7,0.16666666666666657,0.0011011771442056262,2.740185709163105
10.,-0.7,0.20000000000000004,0.0006531087145591151,1.8966543115939534
10.,-0.7,0.2333333333333333,0.0003660124527222073,0.9442001693729015
10.,-0.7,0.26666666666666655,0.00020284521521198858,0.6833643135811474
10.,-0.7,0.29999999999999993,0.00017089325964482667,-0.5534008619838249
10.,-0.7,0.3333333333333332,0.000502033269485437,-1.0985863203572983
10.,-0.7,0.3666666666666667,0.00016854473497069416,-0.8653916791538087
10.,-0.7,0.39999999999999997,0.0002720105877742387,1.8258944590922837
10.,-0.7,0.4333333333333331,0.00030739640327573814,2.5210932596101703
10.,-0.7,0.4666666666666666,0.00026205815368585166,2.2897342928150324
10.,-0.7,0.49999999999999983,0.00018795768586148297,2.3438146567186533
10.,-0.7,0.5333333333333334,0.00045923911430163317,2.842624600254736
10.,-0.7,0.5666666666666667,0.00037440493052789606,2.33273797391821
10.,-0.7,0.6,0.00020282452978487596,0.7693351003848025
10.,-0.7,0.6333333333333332,0.00009396989586099638,0.10303018455893019
10.,-0.7,0.6666666666666665,0.0000146974187008776,-1.993637384497664
10.,-0.7,0.7,0.000027905323575638243,-1.5489247069035783
10.,-0.7,0.7333333333333333,7.012981026308517e-6,-1.2485608348581858
10.,-0.7,0.7666666666666668,5.216688571025714e-6,2.0573925727278928
10.,-0.7,0.8,0.00001667824315209715,-0.5986792011307224
10.,-0.7,0.8333333333333333,0.00003996895722556614,-0.22802201588250434
10.,-0.7,0.8666666666666666,0.000017966355299386694,0.6472800531330068
10.,-0.7,0.8999999999999998,0.00002102095924160548,2.903968217941454
10.,-0.7,0.9333333333333333,0.000024893676770913027,-2.763205987405062
10.,-0.7,0.9666666666666666,0.000013587040080452716,-3.0317666213269425
10.,-0.6000000000000001,-1.,0.00002056496219992717,-2.9712979436371896
10.,-0.6000000000000001,-0.9666666666666668,0.00003283790568242636,1.8105840534764095
10.,-0.6000000000000001,-0.9333333333333332,0.00004932672970501447,1.5441811544906254
10.,-0.6000000000000001,-0.8999999999999999,0.00003486616845540683,2.2136701016500835
10.,-0.6000000000000001,-0.8666666666666667,0.00005116799967837058,3.1366025688117416
10.,-0.6000000000000001,-0.8333333333333335,0.000028568637648643686,-3.0454371443448287
10.,-0.6000000000000001,-0.8,4.5235574542258565e-6,-1.4795451554692716
10.,-0.6000000000000001,-0.7666666666666666,0.000024821038381694126,-1.9253202124703082
10.,-0.6000000000000001,-0.7333333333333334,0.00003635095254789771,-2.2682067221259445
10.,-0.6000000000000001,-0.7,0.00003190005732784786,-2.328734606624472
10.,-0.6000000000000001,-0.6666666666666669,0.0000273874082794754,-2.496378442916276
10.,-0.6000000000000001,-0.6333333333333335,0.000026995096024011095,-2.2199340806079237
10.,-0.6000000000000001,-0.6000000000000001,0.0001292010382221116,-0.45460093767386206
10.,-0.6000000000000001,-0.5666666666666668,0.0001871391935045495,-0.7705011442770293
10.,-0.6000000000000001,-0.5333333333333332,0.00017510777823559237,-1.1578539985252074
10.,-0.6000000000000001,-0.5,0.00011762818206456737,-0.5452190330644339
10.,-0.6000000000000001,-0.4666666666666668,0.00022039035840799588,0.0001816407653363211
10.,-0.6000000000000001,-0.43333333333333335,0.0003325875194156118,-0.2189840725861887
10.,-0.6000000000000001,-0.39999999999999997,0.0005367718812559854,-0.6861155919666593
10.,-0.6000000000000001,-0.3666666666666667,0.0004227681398408078,0.5041254330977151
10.,-0.6000000000000001,-0.3333333333333334,0.0009114956741890683,2.7884727393908477
10.,-0.6000000000000001,-0.3000000000000001,0.0015089985079665357,-1.7184917743210562
10.,-0.6000000000000001,-0.2666666666666667,0.0023490705498365816,-0.02029516244609356
10.,-0.6000000000000001,-0.23333333333333323,0.0037297840652805695,1.6139348445955781
10.,-0.6000000000000001,-0.19999999999999998,0.005368209433479047,2.8281821443192934
10.,-0.6000000000000001,-0.1666666666666668,0.006301272121532784,-2.369124391219654
10.,-0.6000000000000001,-0.13333333333333347,0.0073821332485641674,-1.4986703680090037
10.,-0.6000000000000001,-0.09999999999999999,0.007932949828930105,-0.8447419422875423
10.,-0.6000000000000001,-0.06666666666666665,0.007809800069725095,-0.33371502255577323
10.,-0.6000000000000001,-0.033333333333333326,0.006621824883514791,0.026475142983774843
10.,-0.6000000000000001,-7.780343540788976e-17,0.0037541553696538734,0.15400651782979066
10.,-0.6000000000000001,0.033333333333333326,0.0015337298586660015,-1.6786512420227762
10.,-0.6000000000000001,0.06666666666666658,0.005614052666479594,-2.2036880548883953
10.,-0.6000000000000001,0.09999999999999983,0.007989298372579102,-2.3629798402513784
10.,-0.6000000000000001,0.1333333333333334,0.007854500628128898,-2.8001437224289143
10.,-0.6000000000000001,0.16666666666666657,0.007202434005010921,2.7686217621268794
10.,-0.6000000000000001,0.20000000000000004,0.005995819081175196,1.9263675183435172
10.,-0.6000000000000001,0.2333333333333333,0.00452301654678484,0.7394140399608684
10.,-0.6000000000000001,0.26666666666666655,0.003303415330419999,-0.562618684336421
10.,-0.6000000000000001,0.29999999999999993,0.0021435751054521526,-2.14440031543238
10.,-0.6000000000000001,0.3333333333333332,0.001279500063859887,2.6130465859636716
10.,-0.6000000000000001,0.3666666666666667,0.0007731426093755594,0.861297449130553
10.,-0.6000000000000001,0.39999999999999997,0.00011292177108612111,-1.5038846395340824
10.,-0.6000000000000001,0.4333333333333331,0.0006652687105074247,-2.94838095413798
10.,-0.6000000000000001,0.4666666666666666,0.0004955086485360808,-3.0974811334758567
10.,-0.6000000000000001,0.49999999999999983,0.00027730006351743666,2.371638594208504
10.,-0.6000000000000001,0.5333333333333334,0.00016485557849240013,1.603622909480704
10.,-0.6000000000000001,0.5666666666666667,0.00020876133692883524,-0.7411561334230504
10.,-0.6000000000000001,0.6,0.00027560465609691257,-0.6717464458950252
10.,-0.6000000000000001,0.6333333333333332,0.00007752240829706561,-0.06318904162773578
10.,-0.6000000000000001,0.6666666666666665,0.000019960115253122088,-3.015635364077839
10.,-0.6000000000000001,0.7,0.00004642142987421177,-1.6966297672355002
10.,-0.6000000000000001,0.7333333333333333,0.00004049433735997461,-1.4018719599162606
10.,-0.6000000000000001,0.7666666666666668,0.000012993948726939394,-0.8703892505329547
10.,-0.6000000000000001,0.8,0.000020986289753463663,-0.17495269614164619
10.,-0.6000000000000001,0.8333333333333333,0.00003701628165885985,-0.034261207231466674
10.,-0.6000000000000001,0.8666666666666666,0.00002019398326242373,1.0779416139266387
10.,-0.6000000000000001,0.8999999999999998,0.00003694368257233161,3.0219561008133105
10.,-0.6000000000000001,0.9333333333333333,0.0000561480942699352,-2.5986840825006996
10.,-0.6000000000000001,0.9666666666666666,0.00004694409988643594,-2.3875731571592516
10.,-0.5,-1.,6.554207088780281e-6,2.721318773602873
10.,-0.5,-0.9666666666666668,0.00004343970854086808,1.5757176670015183
10.,-0.5,-0.9333333333333332,0.00006325933607400329,1.3503924990280374
10.,-0.5,-0.8999999999999999,0.00003098217000009405,1.5838667493236347
10.,-0.5,-0.8666666666666667,0.00003472835940446856,-3.037118708428488
10.,-0.5,-0.8333333333333335,0.00003057585874617773,2.995022271265097
10.,-0.5,-0.8,5.0492073449690415e-6,1.2690982265436883
10.,-0.5,-0.7666666666666666,0.00003018352740147096,-1.8642195296857393
10.,-0.5,-0.7333333333333334,0.0000427338867306349,-1.9327271452485097
10.,-0.5,-0.7,0.00004949424423022179,-2.1865002645269525
10.,-0.5,-0.6666666666666669,0.000020593355243845446,-2.4587247127204894
10.,-0.5,-0.6333333333333335,0.00006973060960310133,-2.2555339628487308
10.,-0.5,-0.6000000000000001,0.00024825579283539056,-2.438941075547289
10.,-0.5,-0.5666666666666668,0.00036308826581184033,-2.5098799945119903
10.,-0.5,-0.5333333333333332,0.0002692892117609055,-1.46033157110206
10.,-0.5,-0.5,0.00024103220296256832,-0.12290505188011312
10.,-0.5,-0.4666666666666668,0.000463556566790165,0.34002384610319875
10.,-0.5,-0.43333333333333335,0.00048664606801429724,0.931200210969877
10.,-0.5,-0.39999999999999997,0.0005646255033010495,-1.7916056656604142
10.,-0.5,-0.3666666666666667,0.0009581428318207587,0.11149117455649435
10.,-0.5,-0.3333333333333334,0.0017369280087746032,2.263335584191428
10.,-0.5,-0.3000000000000001,0.002849243297459703,-2.075586421673527
10.,-0.5,-0.2666666666666667,0.0037440992822221535,-0.3329562260271075
10.,-0.5,-0.23333333333333323,0.0049874250696800675,1.416082990207602
10.,-0.5,-0.19999999999999998,0.006369034784741464,2.7019058047231432
10.,-0.5,-0.1666666666666668,0.006406878704579953,-2.462816289553557
10.,-0.5,-0.13333333333333347,0.0067137021115022556,-1.5550612209467218
10.,-0.5,-0.09999999999999999,0.006640740924385492,-0.8777526166925359
10.,-0.5,-0.06666666666666665,0.006130761535869507,-0.3441663500137035
10.,-0.5,-0.033333333333333326,0.004957298257866502,0.05149080833552696
10.,-0.5,-7.780343540788976e-17,0.002551671503382047,0.24601550511382658
10.,-0.5,0.033333333333333326,0.0014107930494820051,-2.092220621110921
10.,-0.5,0.06666666666666658,0.005112764763715878,-2.2258456677174836
10.,-0.5,0.09999999999999983,0.007272922176418715,-2.336400082163681
10.,-0.5,0.1333333333333334,0.007556865833028279,-2.796327808029486
10.,-0.5,0.16666666666666657,0.007960324390982038,2.7582441344757047
10.,-0.5,0.20000000000000004,0.007511286466812665,1.9030877910734878
10.,-0.5,0.2333333333333333,0.006688524398449731,0.6502860897188801
10.,-0.5,0.26666666666666655,0.005698257854529321,-0.7252492015455051
10.,-0.5,0.29999999999999993,0.004646314812159022,-2.4291667130415484
10.,-0.5,0.3333333333333332,0.0035200755603953288,2.2971821694759074
10.,-0.5,0.3666666666666667,0.0018349031756559869,0.481025340265661
10.,-0.5,0.39999999999999997,0.0011762316137968454,-1.6466761038330837
10.,-0.5,0.4333333333333331,0.000731742605283168,-2.5668345012227607
10.,-0.5,0.4666666666666666,0.000761727656339294,-2.0209451160249823
10.,-0.5,0.49999999999999983,0.0005774712641609369,-2.646984405335787
10.,-0.5,0.5333333333333334,0.00034091396073300664,-2.8498930830008278
10.,-0.5,0.5666666666666667,0.0008067177488086102,-2.2765185802318526
10.,-0.5,0.6,0.000569166398685342,-2.1462855300727206
10.,-0.5,0.6333333333333332,0.000048221350389433855,-1.7936888218483509
10.,-0.5,0.6666666666666665,0.000012039681924364574,1.633533897262635
10.,-0.5,0.7,0.00004645241947347592,-1.7787481798143499
10.,-0.5,0.7333333333333333,0.000041124256958529014,-1.6746469556649992
10.,-0.5,0.7666666666666668,9.058066442942393e-6,-2.141376950391426
10.,-0.5,0.8,0.00001568761340622562,0.5919436300024027
10.,-0.5,0.8333333333333333,0.0000339358405817909,0.11875599532721288
10.,-0.5,0.8666666666666666,0.00003698668960306811,0.7852381429124777
10.,-0.5,0.8999999999999998,0.000026251568616490844,2.2766097140157555
10.,-0.5,0.9333333333333333,0.00004062586802414663,-2.6365450679454083
10.,-0.5,0.9666666666666666,0.00003801836230115955,-2.155971831335831
10.,-0.4000000000000001,-1.,5.523116481911428e-6,1.6830223919819736
10.,-0.4000000000000001,-0.9666666666666668,0.000031247156135322154,1.5580022024962312
10.,-0.4000000000000001,-0.9333333333333332,0.00003945237916698376,1.4225400032992384
10.,-0.4000000000000001,-0.8999999999999999,0.000015484347898874764,1.4682972065348776
10.,-0.4000000000000001,-0.8666666666666667,0.00002092324323454186,-2.0993224111890996
10.,-0.4000000000000001,-0.8333333333333335,0.00002545692902302402,-2.163089318133017
10.,-0.4000000000000001,-0.8,0.000011332338256156823,-1.4188331503717524
10.,-0.4000000000000001,-0.7666666666666666,0.000022415382926254404,-2.2987656675751014
10.,-0.4000000000000001,-0.7333333333333334,0.00002153302951678381,-2.5954160624861995
10.,-0.4000000000000001,-0.7,0.00002626041151497526,-2.617170246954507
10.,-0.4000000000000001,-0.6666666666666669,0.00001124949720432935,1.5025483227591374
10.,-0.4000000000000001,-0.6333333333333335,0.00006664480313913005,-2.2684375731131405
10.,-0.4000000000000001,-0.6000000000000001,0.0005552124546593625,-2.5739842786073632
10.,-0.4000000000000001,-0.5666666666666668,0.000817859040733754,-2.723942301086119
10.,-0.4000000000000001,-0.5333333333333332,0.00005774895478949033,-0.9266192971493875
10.,-0.4000000000000001,-0.5,0.0005829094948633559,0.649198633047081
10.,-0.4000000000000001,-0.4666666666666668,0.00026926774376311035,0.2676087492289483
10.,-0.4000000000000001,-0.43333333333333335,0.0003377335531610545,0.7573549035549431
10.,-0.4000000000000001,-0.39999999999999997,0.00041399424122301427,-2.4812612288117832
10.,-0.4000000000000001,-0.3666666666666667,0.0006665489746705475,-0.5720445693673455
10.,-0.4000000000000001,-0.3333333333333334,0.0010446125407279799,1.7663630545717077
10.,-0.4000000000000001,-0.3000000000000001,0.0015034353234971236,-2.527842436333053
10.,-0.4000000000000001,-0.2666666666666667,0.00166546313168112,-0.7408000203850919
10.,-0.4000000000000001,-0.23333333333333323,0.0016552050012685843,1.1452133541665208
10.,-0.4000000000000001,-0.19999999999999998,0.0018478806313329023,2.565785003153233
10.,-0.4000000000000001,-0.1666666666666668,0.0014449611519099668,-2.5795362779527107
10.,-0.4000000000000001,-0.13333333333333347,0.0013056150821332095,-1.6195707189763897
10.,-0.4000000000000001,-0.09999999999999999,0.0011229569525098059,-0.9234184526039264
10.,-0.4000000000000001,-0.06666666666666665,0.0009099586043444325,-0.3362891958141198
10.,-0.4000000000000001,-0.033333333333333326,0.0006292971766934196,0.27780109428928573
10.,-0.4000000000000001,-7.780343540788976e-17,0.00029583960337102626,1.6464857567383087
10.,-0.4000000000000001,0.033333333333333326,0.0007208617532699224,-2.878466295853173
10.,-0.4000000000000001,0.06666666666666658,0.00127430726786493,-2.319744653712984
10.,-0.4000000000000001,0.09999999999999983,0.0013644582645620114,-2.256560083653852
10.,-0.4000000000000001,0.1333333333333334,0.0013940729278559103,-2.904008261684652
10.,-0.4000000000000001,0.16666666666666657,0.002017565348650899,2.650308804535887
10.,-0.4000000000000001,0.20000000000000004,0.002239231437030333,1.8096461719366785
10.,-0.4000000000000001,0.2333333333333333,0.0025919452812232964,0.4911529447593197
10.,-0.4000000000000001,0.26666666666666655,0.0026388003839005734,-0.9749750047511904
10.,-0.4000000000000001,0.29999999999999993,0.002813999343520291,-2.7222814144609924
10.,-0.4000000000000001,0.3333333333333332,0.002314951095519282,1.944901480791036
10.,-0.4000000000000001,0.3666666666666667,0.001275700841152466,0.012615121910283807
10.,-0.4000000000000001,0.39999999999999997,0.001087947988521457,-1.943459849392513
10.,-0.4000000000000001,0.4333333333333331,0.00030486093940604677,-1.29716091203091
10.,-0.4000000000000001,0.4666666666666666,0.0011433881568679329,-1.5470293605244094
10.,-0.4000000000000001,0.49999999999999983,0.0010270981669304052,-2.129811576189002
10.,-0.4000000000000001,0.5333333333333334,0.0007696638651361623,-2.784104948287669
10.,-0.4000000000000001,0.5666666666666667,0.001156273200654345,-2.8842121171920185
10.,-0.4000000000000001,0.6,0.0006984677266090139,-2.611869520715123
10.,-0.4000000000000001,0.6333333333333332,0.00010631410437458933,-2.0335512670889866
10.,-0.4000000000000001,0.6666666666666665,0.00003072267027956078,0.03292529268861701
10.,-0.4000000000000001,0.7,0.00004471015021656918,-1.7686133733604712
10.,-0.4000000000000001,0.7333333333333333,0.00003412875619651056,-1.6705409547796635
10.,-0.4000000000000001,0.7666666666666668,6.340834843100202e-6,-2.2991061172043876
10.,-0.4000000000000001,0.8,0.000015532812508023576,0.7870298386549762
10.,-0.4000000000000001,0.8333333333333333,0.000023564475599709416,-0.07629000944678464
10.,-0.4000000000000001,0.8666666666666666,0.00003473290457160782,0.5960408057945082
10.,-0.4000000000000001,0.8999999999999998,0.00002224280651232395,1.6865606115772953
10.,-0.4000000000000001,0.9333333333333333,0.000025792834347494573,-3.0187567836528717
10.,-0.4000000000000001,0.9666666666666666,0.0000249616358765081,-2.3453369279678165
10.,-0.30000000000000004,-1.,0.000012719166249385579,0.5703868880034931
10.,-0.30000000000000004,-0.9666666666666668,0.00002982709394175022,0.9838056368045234
10.,-0.30000000000000004,-0.9333333333333332,0.00003127977594628116,1.1120386639532764
10.,-0.30000000000000004,-0.8999999999999999,0.00001683465681803585,1.23414345657783
10.,-0.30000000000000004,-0.8666666666666667,8.095892280187067e-6,-1.0633702195871182
10.,-0.30000000000000004,-0.8333333333333335,0.000025929683111926964,-1.2227623452968521
10.,-0.30000000000000004,-0.8,0.000025690862217809228,-1.1688755252746434
10.,-0.30000000000000004,-0.7666666666666666,0.000024677187637357797,-1.9941278068955937
10.,-0.30000000000000004,-0.7333333333333334,0.000036343950643390404,-2.528695438727752
10.,-0.30000000000000004,-0.7,0.000034109216090405384,-2.7127718750419905
10.,-0.30000000000000004,-0.6666666666666669,7.02145257828426e-6,1.821307120641977
10.,-0.30000000000000004,-0.6333333333333335,0.00003358493947870993,-0.9203290465506618
10.,-0.30000000000000004,-0.6000000000000001,0.0003050312263619033,-2.4635233485920436
10.,-0.30000000000000004,-0.5666666666666668,0.0003620190806906172,-2.8329085248508497
10.,-0.30000000000000004,-0.5333333333333332,0.0004882961130684323,0.7111596537790096
10.,-0.30000000000000004,-0.5,0.0008609766582116788,0.6520083300178819
10.,-0.30000000000000004,-0.4666666666666668,0.00014756942576343846,0.2799215571042996
10.,-0.30000000000000004,-0.43333333333333335,0.0001917886512680996,-0.9246522757802171
10.,-0.30000000000000004,-0.39999999999999997,0.0000936046781844984,0.07820349205628661
10.,-0.30000000000000004,-0.3666666666666667,0.00017378976875570085,-1.1473570379096858
10.,-0.30000000000000004,-0.3333333333333334,0.00010471657590718634,1.018126878679822
10.,-0.30000000000000004,-0.3000000000000001,0.00030710988966321605,2.8756817451708985
10.,-0.30000000000000004,-0.2666666666666667,0.00021010294067806077,-2.108415888222239
10.,-0.30000000000000004,-0.23333333333333323,0.00010631330366462038,-0.7865056987388667
10.,-0.30000000000000004,-0.19999999999999998,0.000014913361450979854,0.10900746184610002
10.,-0.30000000000000004,-0.1666666666666668,0.000021874483471164383,1.0278885618015199
10.,-0.30000000000000004,-0.13333333333333347,0.00006985071844530043,-1.6878571915993479
10.,-0.30000000000000004,-0.09999999999999999,0.0001413394511154684,-1.0447390310366422
10.,-0.30000000000000004,-0.06666666666666665,0.00016992541058627464,-0.3329030207816984
10.,-0.30000000000000004,-0.033333333333333326,0.00014384849144517337,0.41661652632666885
10.,-0.30000000000000004,-7.780343540788976e-17,0.00010911124967268599,1.8783347111584505
10.,-0.30000000000000004,0.033333333333333326,0.00017520608774013326,3.1153906203521595
10.,-0.30000000000000004,0.06666666666666658,0.00014545144924708368,-2.360256713064552
10.,-0.30000000000000004,0.09999999999999983,0.00010645078580511843,0.2983973776796913
10.,-0.30000000000000004,0.1333333333333334,0.0002717410098027494,0.7147335605178283
10.,-0.30000000000000004,0.16666666666666657,0.00025375941653217886,0.28323704294908914
10.,-0.30000000000000004,0.20000000000000004,0.00026339727010057896,-0.6027575497326437
10.,-0.30000000000000004,0.2333333333333333,0.0002237769504112037,-1.3493851072011034
10.,-0.30000000000000004,0.26666666666666655,0.00030757054158850794,-2.342999807745985
10.,-0.30000000000000004,0.29999999999999993,0.00031041205179316924,2.625118469580409
10.,-0.30000000000000004,0.3333333333333332,0.0003479825876614045,0.7741031429934787
10.,-0.30000000000000004,0.3666666666666667,0.0002333299889499558,-1.6481672750202137
10.,-0.30000000000000004,0.39999999999999997,0.0002281895685910528,-2.985473573204308
10.,-0.30000000000000004,0.4333333333333331,0.000259902375989912,-0.5802030031220414
10.,-0.30000000000000004,0.4666666666666666,0.0007313790076087913,-1.660466266119898
10.,-0.30000000000000004,0.49999999999999983,0.0009024886225038958,-2.1536399059823887
10.,-0.30000000000000004,0.5333333333333334,0.0010594969385924059,-3.079100004826529
10.,-0.30000000000000004,0.5666666666666667,0.0010862713298587599,2.939619524095508
10.,-0.30000000000000004,0.6,0.0004457385979073118,-2.801475166475705
10.,-0.30000000000000004,0.6333333333333332,0.00010701768122848836,-2.022333706902139
10.,-0.30000000000000004,0.6666666666666665,0.000014904284060513428,0.8334455903121127
10.,-0.30000000000000004,0.7,0.000022610423810377186,-2.8452151682182225
10.,-0.30000000000000004,0.7333333333333333,0.00002418640776090027,-2.493674095501186
10.,-0.30000000000000004,0.7666666666666668,0.000026125195978997175,-2.4133553943103574
10.,-0.30000000000000004,0.8,0.000018450390747172772,-1.5647502736956431
10.,-0.30000000000000004,0.8333333333333333,0.000034771826776700165,-0.7530416690186125
10.,-0.30000000000000004,0.8666666666666666,0.00004091106012519754,0.06304844371775464
10.,-0.30000000000000004,0.8999999999999998,0.00002690695696276738,0.9006101519121936
10.,-0.30000000000000004,0.9333333333333333,0.000011967481387339701,1.9948970358368276
10.,-0.30000000000000004,0.9666666666666666,6.315135634486029e-6,-2.1740157794998427
10.,-0.20000000000000004,-1.,0.000018638523633086788,-0.8295523335991202
10.,-0.20000000000000004,-0.9666666666666668,0.00002191064512474123,0.12761686889783797
10.,-0.20000000000000004,-0.9333333333333332,0.00002398268840135007,0.58120730428339
10.,-0.20000000000000004,-0.8999999999999999,0.000013964881214896118,0.8829061619128195
10.,-0.20000000000000004,-0.8666666666666667,9.411167458242702e-6,0.1564102149154761
10.,-0.20000000000000004,-0.8333333333333335,0.000023641467545836346,-0.443815579245507
10.,-0.20000000000000004,-0.8,0.00002254278835488037,-0.6008681669383106
10.,-0.20000000000000004,-0.7666666666666666,0.00002039058110197768,-1.5399476746526122
10.,-0.20000000000000004,-0.7333333333333334,0.000038281427977046226,-2.256476692758215
10.,-0.20000000000000004,-0.7,0.00004017025276833047,-2.5580911748199044
10.,-0.20000000000000004,-0.6666666666666669,0.000012048330114088424,-3.0182667193511334
10.,-0.20000000000000004,-0.6333333333333335,0.00003916158198222581,-3.0122753324470093
10.,-0.20000000000000004,-0.6000000000000001,0.0001323624194448291,-2.3727270443413664
10.,-0.20000000000000004,-0.5666666666666668,0.00012489398065351239,-0.30008079482765904
10.,-0.20000000000000004,-0.5333333333333332,0.0005688297362392976,0.27934846272661307
10.,-0.20000000000000004,-0.5,0.0005961061221143584,0.3642805161065451
10.,-0.20000000000000004,-0.4666666666666668,0.00016975234313808556,0.7019604742576768
10.,-0.20000000000000004,-0.43333333333333335,0.00007907198064726043,-2.0240819613277283
10.,-0.20000000000000004,-0.39999999999999997,0.00018003615600990617,-0.6960402898786187
10.,-0.20000000000000004,-0.3666666666666667,0.00016166901288687717,-0.06371020061840955
10.,-0.20000000000000004,-0.3333333333333334,0.00010011490564606797,3.0469176441621575
10.,-0.20000000000000004,-0.3000000000000001,0.00024845218231897364,-2.639629113116412
10.,-0.20000000000000004,-0.2666666666666667,0.00011674488609159549,-1.714385001663488
10.,-0.20000000000000004,-0.23333333333333323,0.000054398220101385675,1.0511391194081938
10.,-0.20000000000000004,-0.19999999999999998,0.000115339508037781,2.94982659222606
10.,-0.20000000000000004,-0.1666666666666668,0.00017754694282641993,-2.2342897726466306
10.,-0.20000000000000004,-0.13333333333333347,0.0002486335322673909,-1.3772281272700027
10.,-0.20000000000000004,-0.09999999999999999,0.0003394935900021207,-0.7394115994485007
10.,-0.20000000000000004,-0.06666666666666665,0.00035731191140376026,-0.24869786667891258
10.,-0.20000000000000004,-0.033333333333333326,0.00027055742128750596,0.13991529275189768
10.,-0.20000000000000004,-7.780343540788976e-17,0.00007719809331682172,0.31175968521433234
10.,-0.20000000000000004,0.033333333333333326,0.00011757379154564279,-2.1515099364666614
10.,-0.20000000000000004,0.06666666666666658,0.00017826304800071428,-1.9923303075704584
10.,-0.20000000000000004,0.09999999999999983,0.00011879077322243399,-2.6331878126617787
10.,-0.20000000000000004,0.1333333333333334,0.00017597016977572813,2.49539033812902
10.,-0.20000000000000004,0.16666666666666657,0.0002016802943996612,1.7165625012941585
10.,-0.20000000000000004,0.20000000000000004,0.00021445182109031997,0.7737559132912769
10.,-0.20000000000000004,0.2333333333333333,0.00016015258356048682,-0.10832775499911822
10.,-0.20000000000000004,0.26666666666666655,0.00009011773056965136,-1.0771848408196611
10.,-0.20000000000000004,0.29999999999999993,0.00010746225714427444,-0.8063862205325508
10.,-0.20000000000000004,0.3333333333333332,0.0001576038876414206,-1.7018674945747423
10.,-0.20000000000000004,0.3666666666666667,0.00016731634827152317,-3.122767101567793
10.,-0.20000000000000004,0.39999999999999997,0.00007598517499719683,1.5745548287327193
10.,-0.20000000000000004,0.4333333333333331,0.00009059486359455076,-1.7656081933996544
10.,-0.20000000000000004,0.4666666666666666,0.0002764283328683568,-2.1715473654281627
10.,-0.20000000000000004,0.49999999999999983,0.0006517675948372745,-3.0762439338849807
10.,-0.20000000000000004,0.5333333333333334,0.0016263514473110238,2.5756536169491797
10.,-0.20000000000000004,0.5666666666666667,0.0014290888973259698,2.346278765699831
10.,-0.20000000000000004,0.6,0.0002399936810597849,2.306999692510065
10.,-0.20000000000000004,0.6333333333333332,0.00009792557918947907,-0.8386512554279995
10.,-0.20000000000000004,0.6666666666666665,0.00002726379925347899,1.4148410128038245
10.,-0.20000000000000004,0.7,0.000019855852028606298,2.860336356092271
10.,-0.20000000000000004,0.7333333333333333,0.00002297819905168423,-2.052570735577681
10.,-0.20000000000000004,0.7666666666666668,0.00002730064932421905,-2.0359510654082773
10.,-0.20000000000000004,0.8,0.000025364390855734855,-1.9613666322114858
10.,-0.20000000000000004,0.8333333333333333,0.000034799865230470316,-1.1700493500644464
10.,-0.20000000000000004,0.8666666666666666,0.000030356049037419167,-0.6498501057225605
10.,-0.20000000000000004,0.8999999999999998,8.048343154534019e-6,-0.34788400690277677
10.,-0.20000000000000004,0.9333333333333333,0.000013174048687202468,-1.8758360980453446
10.,-0.20000000000000004,0.9666666666666666,0.00002337182726236549,-1.5705655460134957
10.,-0.10000000000000014,-1.,0.000021373207911489176,0.8749978474545652
10.,-0.10000000000000014,-0.9666666666666668,0.00003604026245137125,0.6617151941832949
10.,-0.10000000000000014,-0.9333333333333332,0.00004365157347336922,0.6530225569304768
10.,-0.10000000000000014,-0.8999999999999999,0.000031377614341229914,0.6805255515098321
10.,-0.10000000000000014,-0.8666666666666667,0.000019719478384959,0.48453933674814015
10.,-0.10000000000000014,-0.8333333333333335,0.00002672517475049944,0.2454394498052922
10.,-0.10000000000000014,-0.8,0.000030356497143533834,0.3270888833066098
10.,-0.10000000000000014,-0.7666666666666666,0.000026267509996402125,0.1367768886548605
10.,-0.10000000000000014,-0.7333333333333334,0.000023726586561455907,-1.4828793530341715
10.,-0.10000000000000014,-0.7,0.000049740481959559835,-2.2286155268387695
10.,-0.10000000000000014,-0.6666666666666669,0.00007153617079666292,-2.763631585892926
10.,-0.10000000000000014,-0.6333333333333335,0.000043464800202096394,-2.243627659752823
10.,-0.10000000000000014,-0.6000000000000001,0.00021044204858312025,0.41257665383541015
10.,-0.10000000000000014,-0.5666666666666668,0.0001764222376608289,0.5765737691444789
10.,-0.10000000000000014,-0.5333333333333332,0.0002384425977130238,-1.6912082617483124
10.,-0.10000000000000014,-0.5,0.00023137466364808788,-1.154589701039725
10.,-0.10000000000000014,-0.4666666666666668,0.00010454293795875707,1.1033808174960988
10.,-0.10000000000000014,-0.43333333333333335,0.00011070766166426144,2.8496811720230064
10.,-0.10000000000000014,-0.39999999999999997,0.0001998898903580568,-1.5521804038741323
10.,-0.10000000000000014,-0.3666666666666667,0.0002499380754191158,-0.5624455824992483
10.,-0.10000000000000014,-0.3333333333333334,0.00013507725759344833,1.0173821193561827
10.,-0.10000000000000014,-0.3000000000000001,0.00016054935584038272,2.9078959749859727
10.,-0.10000000000000014,-0.2666666666666667,0.00009252348216143182,-2.085214128124551
10.,-0.10000000000000014,-0.23333333333333323,0.000014811910303294414,0.8796881422272526
10.,-0.10000000000000014,-0.19999999999999998,0.000058412979043728564,3.0487515210762886
10.,-0.10000000000000014,-0.1666666666666668,0.00013120954529979652,-1.973194115698176
10.,-0.10000000000000014,-0.13333333333333347,0.00020763813648073327,-1.2654588617969211
10.,-0.10000000000000014,-0.09999999999999999,0.0002799271505648744,-0.6599038683428188
10.,-0.10000000000000014,-0.06666666666666665,0.0002845645808683046,-0.2901833433162804
10.,-0.10000000000000014,-0.033333333333333326,0.0001975127959216762,0.21404373035499002
10.,-0.10000000000000014,-7.780343540788976e-17,0.00013394822296912352,1.4546315395404348
10.,-0.10000000000000014,0.033333333333333326,0.00019151358604713135,2.5070918343857613
10.,-0.10000000000000014,0.06666666666666658,0.00020207385777199453,2.880233130217965
10.,-0.10000000000000014,0.09999999999999983,0.00022611631984177942,2.456067076377011
10.,-0.10000000000000014,0.1333333333333334,0.0003572564408496406,1.8832244726561211
10.,-0.10000000000000014,0.16666666666666657,0.0004004774421164368,1.350627188295451
10.,-0.10000000000000014,0.20000000000000004,0.00036344198824982935,0.6216734674874509
10.,-0.10000000000000014,0.2333333333333333,0.0003089128612007396,-0.1998292374153185
10.,-0.10000000000000014,0.26666666666666655,0.00025976578306165834,-1.2304113631866294
10.,-0.10000000000000014,0.29999999999999993,0.00023049205777311325,-2.3245891328863526
10.,-0.10000000000000014,0.3333333333333332,0.00020097823984053257,2.8486010695055155
10.,-0.10000000000000014,0.3666666666666667,0.00011966990273834902,1.4590485482147502
10.,-0.10000000000000014,0.39999999999999997,0.00019607661214735917,-0.07099748023617207
10.,-0.10000000000000014,0.4333333333333331,0.00015610342204584014,-0.6972648814407605
10.,-0.10000000000000014,0.4666666666666666,0.00017850868529775015,-2.583147471477642
10.,-0.10000000000000014,0.49999999999999983,0.000627309624730378,2.349202910079688
10.,-0.10000000000000014,0.5333333333333334,0.0012044937754509563,1.8118137101554237
10.,-0.10000000000000014,0.5666666666666667,0.0005724089019365946,1.5524722826959343
10.,-0.10000000000000014,0.6,0.00022023398819053655,-1.841148809020978
10.,-0.10000000000000014,0.6333333333333332,0.0000728179616567842,-2.2044782953687663
10.,-0.10000000000000014,0.6666666666666665,0.00006497793900242159,1.2389191480823345
10.,-0.10000000000000014,0.7,0.00002775734614166057,2.859899424929988
10.,-0.10000000000000014,0.7333333333333333,0.000048516179858168514,-2.1707453039295417
10.,-0.10000000000000014,0.7666666666666668,0.00005709368913598617,-1.6479223436685644
10.,-0.10000000000000014,0.8,0.00004214146901616496,-1.0256122564098509
10.,-0.10000000000000014,0.8333333333333333,0.00004239114637626126,-0.4183726803484903
10.,-0.10000000000000014,0.8666666666666666,0.00003685364431035863,0.4149582087692229
10.,-0.10000000000000014,0.8999999999999998,0.00003434510217731219,1.2861587246120125
10.,-0.10000000000000014,0.9333333333333333,0.00002775116229713216,1.9309859054001226
10.,-0.10000000000000014,0.9666666666666666,0.000015854019433856526,1.9161867054408097
10.,-7.780343540788976e-17,-1.,0.00006345667727655997,0.23027308081638223
10.,-7.780343540788976e-17,-0.9666666666666668,0.00005799941437162142,0.20757777981169473
10.,-7.780343540788976e-17,-0.9333333333333332,0.000055459823400454785,0.25049387107574655
10.,-7.780343540788976e-17,-0.8999999999999999,0.00004432342913790218,0.36744723102300325
10.,-7.780343540788976e-17,-0.8666666666666667,0.000031097466823415905,0.2975651757276535
10.,-7.780343540788976e-17,-0.8333333333333335,0.00002763399083364284,0.39090891699662006
10.,-7.780343540788976e-17,-0.8,0.000028819533245433235,0.367825612877031
10.,-7.780343540788976e-17,-0.7666666666666666,0.000027673237225040715,0.35854078948770307
10.,-7.780343540788976e-17,-0.7333333333333334,0.000020848850393938686,-0.25679726205576325
10.,-7.780343540788976e-17,-0.7,0.00001131712577958368,2.673743216179542
10.,-7.780343540788976e-17,-0.6666666666666669,0.00002596331777101387,-1.1919911159607393
10.,-7.780343540788976e-17,-0.6333333333333335,0.0000868411710326331,1.1954828961152058
10.,-7.780343540788976e-17,-0.6000000000000001,0.0003948227484548081,2.2103545179139017
10.,-7.780343540788976e-17,-0.5666666666666668,0.00023592135332135378,2.5090261476415683
10.,-7.780343540788976e-17,-0.5333333333333332,0.00011530356417146037,-0.46370564374409445
10.,-7.780343540788976e-17,-0.5,0.00010133223960581917,1.012582461344627
10.,-7.780343540788976e-17,-0.4666666666666668,0.00021227801058480686,1.8515141217244835
10.,-7.780343540788976e-17,-0.43333333333333335,0.00021188400044273574,2.7040624896301515
10.,-7.780343540788976e-17,-0.39999999999999997,0.00022088276003304525,-2.1344341751305005
10.,-7.780343540788976e-17,-0.3666666666666667,0.0002183089550859771,-0.8239989447262184
10.,-7.780343540788976e-17,-0.3333333333333334,0.0001898359988736152,0.9635362949666674
10.,-7.780343540788976e-17,-0.3000000000000001,0.0002135050209326163,2.0257709522092844
10.,-7.780343540788976e-17,-0.2666666666666667,0.00007947016868056146,2.6850238634469403
10.,-7.780343540788976e-17,-0.23333333333333323,0.00009208227754222594,2.379338719270763
10.,-7.780343540788976e-17,-0.19999999999999998,0.00015186519073266745,2.859999380994374
10.,-7.780343540788976e-17,-0.1666666666666668,0.00022546717373356776,-2.307569453490352
10.,-7.780343540788976e-17,-0.13333333333333347,0.00029413877939290145,-1.784098548541168
10.,-7.780343540788976e-17,-0.09999999999999999,0.0002691282377284739,-1.199656270326371
10.,-7.780343540788976e-17,-0.06666666666666665,0.00026948421422565383,-0.8366933430831444
10.,-7.780343540788976e-17,-0.033333333333333326,0.00020972477722111884,-0.3009431883057463
10.,-7.780343540788976e-17,-7.780343540788976e-17,0.0002557628914100353,0.7837110018617789
10.,-7.780343540788976e-17,0.033333333333333326,0.00034419482558237496,1.5133003855926717
10.,-7.780343540788976e-17,0.06666666666666658,0.00029762834768254034,2.0321181504163595
10.,-7.780343540788976e-17,0.09999999999999983,0.0001531085845358554,1.955812043977152
10.,-7.780343540788976e-17,0.1333333333333334,0.00021882316167979682,1.02585817341097
10.,-7.780343540788976e-17,0.16666666666666657,0.0003047858189853623,0.6827534233098392
10.,-7.780343540788976e-17,0.20000000000000004,0.00028172112995585307,0.013707625518778627
10.,-7.780343540788976e-17,0.2333333333333333,0.00028750283263482234,-0.8172763461877041
10.,-7.780343540788976e-17,0.26666666666666655,0.00026779264366896956,-1.7323100105959635
10.,-7.780343540788976e-17,0.29999999999999993,0.0002697124561181588,-3.038771026405224
10.,-7.780343540788976e-17,0.3333333333333332,0.0002829645830191029,2.2714068314314093
10.,-7.780343540788976e-17,0.3666666666666667,0.00014363255117080516,1.0798603231471793
10.,-7.780343540788976e-17,0.39999999999999997,0.00021979069395850544,-0.10956089247951126
10.,-7.780343540788976e-17,0.4333333333333331,0.0002088139345813451,-0.19936897898511852
10.,-7.780343540788976e-17,0.4666666666666666,0.0001692785382856893,-1.2864547220804974
10.,-7.780343540788976e-17,0.49999999999999983,0.000317802682966613,-3.101349415640953
10.,-7.780343540788976e-17,0.5333333333333334,0.0008273801663115637,1.5427287933877394
10.,-7.780343540788976e-17,0.5666666666666667,0.0011620072256033741,0.5342863783000557
10.,-7.780343540788976e-17,0.6,0.0007629125241865425,-0.5620014272149756
10.,-7.780343540788976e-17,0.6333333333333332,0.0002658536324417108,-1.9436373826084048
10.,-7.780343540788976e-17,0.6666666666666665,0.00008142465296336869,2.4670874890271848
10.,-7.780343540788976e-17,0.7,0.00002400922969044331,-2.901027627709831
10.,-7.780343540788976e-17,0.7333333333333333,0.00004304240256841049,-2.3907642182636097
10.,-7.780343540788976e-17,0.7666666666666668,0.00005066747132050647,-1.92676488109462
10.,-7.780343540788976e-17,0.8,0.000041081992018697706,-1.6006143084734923
10.,-7.780343540788976e-17,0.8333333333333333,0.000045645287484327604,-1.0324125058080762
10.,-7.780343540788976e-17,0.8666666666666666,0.00005312554923700106,-0.3037987736165009
10.,-7.780343540788976e-17,0.8999999999999998,0.00006168200383221467,0.21614548709422188
10.,-7.780343540788976e-17,0.9333333333333333,0.00006008621023153644,0.43687564429797976
10.,-7.780343540788976e-17,0.9666666666666666,0.0000615444947208622,0.2963488595496324
10.,0.09999999999999999,-1.,0.000044130384923579765,-0.2504491328782047
10.,0.09999999999999999,-0.9666666666666668,0.0000401980250880062,-0.35893502822062784
10.,0.09999999999999999,-0.9333333333333332,0.00004165848466606971,-0.0365613050742941
10.,0.09999999999999999,-0.8999999999999999,0.000044480334019763496,0.5152808880360752
10.,0.09999999999999999,-0.8666666666666667,0.00004636674056874614,0.6567651177022911
10.,0.09999999999999999,-0.8333333333333335,0.000031980202845550776,0.3811414423528326
10.,0.09999999999999999,-0.8,0.000027451631463930907,0.051554865496162346
10.,0.09999999999999999,-0.7666666666666666,9.712276194410168e-6,-0.20030522040197504
10.,0.09999999999999999,-0.7333333333333334,0.0000428661668674986,0.7868497788597033
10.,0.09999999999999999,-0.7,0.000030238787990679412,1.7296340887492507
10.,0.09999999999999999,-0.6666666666666669,0.00009147226118958212,0.5512130319693551
10.,0.09999999999999999,-0.6333333333333335,0.00022841730948253494,3.0708248697512177
10.,0.09999999999999999,-0.6000000000000001,0.0008990484447939566,-2.48713945808267
10.,0.09999999999999999,-0.5666666666666668,0.0005718226071655281,2.4790582121266747
10.,0.09999999999999999,-0.5333333333333332,0.0015347241594313081,2.21360567293105
10.,0.09999999999999999,-0.5,0.000891171061778882,-3.1086698821867533
10.,0.09999999999999999,-0.4666666666666668,0.0003025513054874938,-1.5666664712741496
10.,0.09999999999999999,-0.43333333333333335,0.000012817444283084939,-2.8809176956370375
10.,0.09999999999999999,-0.39999999999999997,0.0002135531328480009,-1.5646106049801927
10.,0.09999999999999999,-0.3666666666666667,0.00026205154246132555,-0.6317491530546154
10.,0.09999999999999999,-0.3333333333333334,0.0002212001432856878,0.8207833730525853
10.,0.09999999999999999,-0.3000000000000001,0.0002621805067272686,1.8761522309208873
10.,0.09999999999999999,-0.2666666666666667,0.00013007289163218433,2.8949671354160946
10.,0.09999999999999999,-0.23333333333333323,0.0000972431710529621,-2.9865978921196183
10.,0.09999999999999999,-0.19999999999999998,0.00004964296313909577,2.784406968960927
10.,0.09999999999999999,-0.1666666666666668,0.000042812727484617864,-2.5005080887031728
10.,0.09999999999999999,-0.13333333333333347,0.00016126180120027407,-2.476625764228324
10.,0.09999999999999999,-0.09999999999999999,0.00017031890055506217,-2.0150194147293967
10.,0.09999999999999999,-0.06666666666666665,0.00017303586809900437,-1.2066888011279946
10.,0.09999999999999999,-0.033333333333333326,0.00018490761174909422,-0.34283722365323327
10.,0.09999999999999999,-7.780343540788976e-17,0.000303462769059376,0.45086099873326513
10.,0.09999999999999999,0.033333333333333326,0.00040767248956199374,0.9926978170481827
10.,0.09999999999999999,0.06666666666666658,0.00039824368941681357,1.2096521549529615
10.,0.09999999999999999,0.09999999999999983,0.0003400168805710347,0.7403853664853158
10.,0.09999999999999999,0.1333333333333334,0.00035791477044249304,0.22280078879446438
10.,0.09999999999999999,0.16666666666666657,0.00028399321451855257,-0.3081664847456365
10.,0.09999999999999999,0.20000000000000004,0.0002416142133300775,-1.07148009628109
10.,0.09999999999999999,0.2333333333333333,0.0001928014178781554,-1.8366951704685472
10.,0.09999999999999999,0.26666666666666655,0.00016829122820462872,-3.0640211433328126
10.,0.09999999999999999,0.29999999999999993,0.00023411247198632798,2.531295295795166
10.,0.09999999999999999,0.3333333333333332,0.0001814190833946014,2.3223761826524623
10.,0.09999999999999999,0.3666666666666667,0.00007082179647609549,2.8736645686200966
10.,0.09999999999999999,0.39999999999999997,0.00009128992847583815,1.4429586978999336
10.,0.09999999999999999,0.4333333333333331,0.0001978633183729132,1.2888494278199387
10.,0.09999999999999999,0.4666666666666666,0.000516717572403505,1.1295236913892417
10.,0.09999999999999999,0.49999999999999983,0.0009027094949232237,-0.12766220106341214
10.,0.09999999999999999,0.5333333333333334,0.0006008998663548597,-1.9956886480295453
10.,0.09999999999999999,0.5666666666666667,0.002038476113728809,2.4562202060599265
10.,0.09999999999999999,0.6,0.001416080259019118,1.838547286706918
10.,0.09999999999999999,0.6333333333333332,0.00021114664380810942,-0.16557008002992088
10.,0.09999999999999999,0.6666666666666665,0.00006835780045850602,-2.487884738514213
10.,0.09999999999999999,0.7,0.000035797562766360215,2.6240213386989395
10.,0.09999999999999999,0.7333333333333333,0.00004985026347618915,-2.4971808220525116
10.,0.09999999999999999,0.7666666666666668,0.00002990203584505825,-1.3591527495975522
10.,0.09999999999999999,0.8,0.00002025509700467633,-1.5246225264744089
10.,0.09999999999999999,0.8333333333333333,0.000027810652165041524,-1.5630898598570269
10.,0.09999999999999999,0.8666666666666666,0.00004999407477039968,-1.1220245551164463
10.,0.09999999999999999,0.8999999999999998,0.000042518587442240504,-0.5622069870352734
10.,0.09999999999999999,0.9333333333333333,0.00003254415843853761,-0.16789063113236605
10.,0.09999999999999999,0.9666666666666666,0.000039257689953664846,-0.16563574047829588
10.,0.1999999999999999,-1.,0.000016007814789133235,0.38183900065397364
10.,0.1999999999999999,-0.9666666666666668,0.000018419786516855033,-0.6628880303370117
10.,0.1999999999999999,-0.9333333333333332,0.00002724276973494872,-0.34253513544990977
10.,0.1999999999999999,-0.8999999999999999,0.00002886816549905972,0.26325453781617875
10.,0.1999999999999999,-0.8666666666666667,0.00003427129171754829,0.48199719008080266
10.,0.1999999999999999,-0.8333333333333335,0.0000310164819574379,-0.27176398902533444
10.,0.1999999999999999,-0.8,0.000022258221004458928,-0.5453565139876871
10.,0.1999999999999999,-0.7666666666666666,0.000021300143144115562,-2.2341816366731098
10.,0.1999999999999999,-0.7333333333333334,0.00003208356139336846,1.7846310078912253
10.,0.1999999999999999,-0.7,0.000030855500074958224,3.1059559829715404
10.,0.1999999999999999,-0.6666666666666669,0.00011752411573352438,1.167391444991215
10.,0.1999999999999999,-0.6333333333333335,0.0002456778107929963,-2.2133257501386137
10.,0.1999999999999999,-0.6000000000000001,0.000667220301484269,-1.609261010734061
10.,0.1999999999999999,-0.5666666666666668,0.001981646377346166,2.6223124925482
10.,0.1999999999999999,-0.5333333333333332,0.0036059554534065385,-2.9984362453019884
10.,0.1999999999999999,-0.5,0.0027382473922303602,-1.5187876775777307
10.,0.1999999999999999,-0.4666666666666668,0.001959024471532544,0.0912290740113849
10.,0.1999999999999999,-0.43333333333333335,0.0011236786767912805,1.718393016762244
10.,0.1999999999999999,-0.39999999999999997,0.0003612985808095242,2.978098914516621
10.,0.1999999999999999,-0.3666666666666667,0.00009616523043431002,-3.071740201491261
10.,0.1999999999999999,-0.3333333333333334,0.00012777463463267894,2.8650541532655986
10.,0.1999999999999999,-0.3000000000000001,0.0002094083674243979,2.529072683183436
10.,0.1999999999999999,-0.2666666666666667,0.0002160806046682125,3.0154758439061937
10.,0.1999999999999999,-0.23333333333333323,0.00024051450381895565,-2.8254380793250196
10.,0.1999999999999999,-0.19999999999999998,0.00023328282676668145,-2.3117749715592946
10.,0.1999999999999999,-0.1666666666666668,0.00022105447644291422,-1.2469412172759768
10.,0.1999999999999999,-0.13333333333333347,0.0002857778091854506,-0.37120943986619326
10.,0.1999999999999999,-0.09999999999999999,0.00035668710326105846,0.5513745166645123
10.,0.1999999999999999,-0.06666666666666665,0.0004544942675002232,1.2301655251172994
10.,0.1999999999999999,-0.033333333333333326,0.00041690686455749003,1.4244759286302517
10.,0.1999999999999999,-7.780343540788976e-17,0.00026513750676366275,1.0220648515843644
10.,0.1999999999999999,0.033333333333333326,0.0001648085732539517,0.3501236105477504
10.,0.1999999999999999,0.06666666666666658,0.00002836116804818795,-0.083435288510893
10.,0.1999999999999999,0.09999999999999983,0.00005880433217516636,1.5519916941332381
10.,0.1999999999999999,0.1333333333333334,0.00012577185150655786,0.3147290382821884
10.,0.1999999999999999,0.16666666666666657,0.000221683424808899,-0.8823619434997824
10.,0.1999999999999999,0.20000000000000004,0.00027794971483119184,-1.4403422617490562
10.,0.1999999999999999,0.2333333333333333,0.00019194856431155812,-2.0852719494938436
10.,0.1999999999999999,0.26666666666666655,0.0001409802165982907,3.068728517540152
10.,0.1999999999999999,0.29999999999999993,0.00003732633469818158,-1.3531007178331833
10.,0.1999999999999999,0.3333333333333332,0.0003024090933454054,-1.3103158594261892
10.,0.1999999999999999,0.3666666666666667,0.00041033618711143596,-1.7632286945730886
10.,0.1999999999999999,0.39999999999999997,0.00027794150608259307,-1.079756660264596
10.,0.1999999999999999,0.4333333333333331,0.0011368309272784091,-1.7570860393703418
10.,0.1999999999999999,0.4666666666666666,0.0022668063159099784,-3.090665163121004
10.,0.1999999999999999,0.49999999999999983,0.0024632819339991973,1.6395826054993536
10.,0.1999999999999999,0.5333333333333334,0.00198577786941687,0.21022555244112603
10.,0.1999999999999999,0.5666666666666667,0.0019160557266076296,-2.961389209953318
10.,0.1999999999999999,0.6,0.0025031444007453,2.6404653201678734
10.,0.1999999999999999,0.6333333333333332,0.0003127903042175904,1.6101916266551257
10.,0.1999999999999999,0.6666666666666665,0.00009868878847688711,-1.1626986789426335
10.,0.1999999999999999,0.7,0.000038034482983361125,1.9078160192816496
10.,0.1999999999999999,0.7333333333333333,0.00004680974162292051,-2.9707724528145487
10.,0.1999999999999999,0.7666666666666668,6.144071720504212e-6,-2.360867812749586
10.,0.1999999999999999,0.8,0.000022331459964015945,-2.1199209128673298
10.,0.1999999999999999,0.8333333333333333,0.0000341275252416241,-2.4045117066227033
10.,0.1999999999999999,0.8666666666666666,0.00004432690178405072,-1.6830776037197248
10.,0.1999999999999999,0.8999999999999998,0.000028179197911601413,-1.153142001391299
10.,0.1999999999999999,0.9333333333333333,9.785631834966238e-6,0.0025125761909660102
10.,0.1999999999999999,0.9666666666666666,0.00002025621830059063,0.9840959037892775
10.,0.2999999999999998,-1.,2.603899706694035e-6,1.4233526868120758
10.,0.2999999999999998,-0.9666666666666668,0.000013130373892499604,-1.7530345132161353
10.,0.2999999999999998,-0.9333333333333332,8.145204617283604e-6,-1.0533615913523875
10.,0.2999999999999998,-0.8999999999999999,0.00001526950326369739,1.1167626783841877
10.,0.2999999999999998,-0.8666666666666667,0.000026106745224128043,1.038087663505207
10.,0.2999999999999998,-0.8333333333333335,0.00001630519494744352,0.45196735159599716
10.,0.2999999999999998,-0.8,7.819944365945521e-6,-1.2411670419819854
10.,0.2999999999999998,-0.7666666666666666,0.00003100928947944544,-2.4004938330194725
10.,0.2999999999999998,-0.7333333333333334,0.00002874005428408544,2.9309482005007466
10.,0.2999999999999998,-0.7,0.00003376900571913669,2.1486972245712095
10.,0.2999999999999998,-0.6666666666666669,0.00010873228741239266,1.0985606056849686
10.,0.2999999999999998,-0.6333333333333335,0.000045220533962836726,-1.010996748521502
10.,0.2999999999999998,-0.6000000000000001,0.0001456576238332088,2.201866479714399
10.,0.2999999999999998,-0.5666666666666668,0.002052040750499103,3.0140189732824783
10.,0.2999999999999998,-0.5333333333333332,0.003483248755397838,-2.1001797787414973
10.,0.2999999999999998,-0.5,0.004424117722385887,-0.550585806274605
10.,0.2999999999999998,-0.4666666666666668,0.004432941259801493,1.0966919536103203
10.,0.2999999999999998,-0.43333333333333335,0.004783947235018882,2.705852745430798
10.,0.2999999999999998,-0.39999999999999997,0.003928551416156308,-2.2618144704656853
10.,0.2999999999999998,-0.3666666666666667,0.00236520566152384,-1.0763274894880037
10.,0.2999999999999998,-0.3333333333333334,0.0010465216690057058,-0.051620508853481566
10.,0.2999999999999998,-0.3000000000000001,0.0003472206805643024,1.0478603645361584
10.,0.2999999999999998,-0.2666666666666667,0.00015864747176464768,1.327371387717057
10.,0.2999999999999998,-0.23333333333333323,0.00019565849431581444,1.6610436120604797
10.,0.2999999999999998,-0.19999999999999998,0.0003057002216016069,-2.873769600550586
10.,0.2999999999999998,-0.1666666666666668,0.000502262279694763,-1.238881991331945
10.,0.2999999999999998,-0.13333333333333347,0.0009420412279185365,-0.06647279351012754
10.,0.2999999999999998,-0.09999999999999999,0.0011664999018988116,0.7618910077061818
10.,0.2999999999999998,-0.06666666666666665,0.0012047388970198322,1.440898670528042
10.,0.2999999999999998,-0.033333333333333326,0.001015829296612475,1.8099691475764639
10.,0.2999999999999998,-7.780343540788976e-17,0.0006185387051565072,2.048663991864472
10.,0.2999999999999998,0.033333333333333326,0.00043464352598513795,3.1025260672073767
10.,0.2999999999999998,0.06666666666666658,0.0009796685094405318,-2.6881223959975196
10.,0.2999999999999998,0.09999999999999983,0.0011723037884941946,-2.943625245273995
10.,0.2999999999999998,0.1333333333333334,0.0008496216293397867,2.587380985871889
10.,0.2999999999999998,0.16666666666666657,0.000636730619563942,1.5390239843121152
10.,0.2999999999999998,0.20000000000000004,0.00035758674239506146,0.7229804327528591
10.,0.2999999999999998,0.2333333333333333,0.000032890150982214366,1.3636765405145381
10.,0.2999999999999998,0.26666666666666655,0.0002276259829413038,2.6787173702427034
10.,0.2999999999999998,0.29999999999999993,0.0003566069579663954,2.8636049916558144
10.,0.2999999999999998,0.3333333333333332,0.0008492428141395959,2.2401168831814156
10.,0.2999999999999998,0.3666666666666667,0.0022964144954019474,1.341384627172192
10.,0.2999999999999998,0.39999999999999997,0.004170754242610813,0.3542968599426997
10.,0.2999999999999998,0.4333333333333331,0.005814508618319039,-0.9193303506753445
10.,0.2999999999999998,0.4666666666666666,0.006659006583788307,-2.202440306437576
10.,0.2999999999999998,0.49999999999999983,0.005051859371941874,2.705945283438168
10.,0.2999999999999998,0.5333333333333334,0.0034164667104634107,1.1276925239072209
10.,0.2999999999999998,0.5666666666666667,0.0009192230012725732,-0.13107030455288965
10.,0.2999999999999998,0.6,0.0009879813206250527,3.135402974901993
10.,0.2999999999999998,0.6333333333333332,0.00025208349667553377,2.6337340366311714
10.,0.2999999999999998,0.6666666666666665,0.000018078198146072787,-0.26298686328120463
10.,0.2999999999999998,0.7,0.0000314290348364784,1.5743837419456386
10.,0.2999999999999998,0.7333333333333333,0.000014985539186615105,-2.864477270155714
10.,0.2999999999999998,0.7666666666666668,0.000022979198805408118,0.013251520387342553
10.,0.2999999999999998,0.8,7.824347741220522e-6,-0.12854731297433794
10.,0.2999999999999998,0.8333333333333333,0.000034578632394324705,-3.0093442300971924
10.,0.2999999999999998,0.8666666666666666,0.00004198308249722297,-2.55436447734528
10.,0.2999999999999998,0.8999999999999998,0.000029875955319699704,-2.0414670048646264
10.,0.2999999999999998,0.9333333333333333,0.000015906682417951852,-0.9677350975122939
10.,0.2999999999999998,0.9666666666666666,0.00001615302806956578,0.5916938147579736
10.,0.39999999999999986,-1.,0.000012583733240536593,-0.9039880962879525
10.,0.39999999999999986,-0.9666666666666668,0.000021554848941364276,-0.9678128713296659
10.,0.39999999999999986,-0.9333333333333332,0.000015050078100812472,-0.26545153576917296
10.,0.39999999999999986,-0.8999999999999999,0.000031623321881313845,1.0028628871104743
10.,0.39999999999999986,-0.8666666666666667,0.00004730609511709064,1.152775591548516
10.,0.39999999999999986,-0.8333333333333335,0.000038769072375156033,1.1890857074088457
10.,0.39999999999999986,-0.8,0.0000116870438952793,-0.24672235205180076
10.,0.39999999999999986,-0.7666666666666666,0.00003572320106992368,-1.3712168572287593
10.,0.39999999999999986,-0.7333333333333334,0.000029165036597970127,-1.348253908941211
10.,0.39999999999999986,-0.7,0.000029769199331529627,1.2666814114740752
10.,0.39999999999999986,-0.6666666666666669,0.00004987548479586638,0.8683511377976765
10.,0.39999999999999986,-0.6333333333333335,0.00006408376070370093,2.0638440370684825
10.,0.39999999999999986,-0.6000000000000001,0.0002633046151443089,2.609650690409877
10.,0.39999999999999986,-0.5666666666666668,0.0003597663573102201,-2.7582521361144785
10.,0.39999999999999986,-0.5333333333333332,0.0012170315843051706,-0.9791585858647751
10.,0.39999999999999986,-0.5,0.0026775253725644637,0.29448955408021144
10.,0.39999999999999986,-0.4666666666666668,0.004371332196698995,1.8153788930165797
10.,0.39999999999999986,-0.43333333333333335,0.006883503462913145,-3.072194525236344
10.,0.39999999999999986,-0.39999999999999997,0.008166293854676305,-1.8460894102340077
10.,0.39999999999999986,-0.3666666666666667,0.007751284254394828,-0.6669210834081561
10.,0.39999999999999986,-0.3333333333333334,0.006495059796750504,0.43639052716043
10.,0.39999999999999986,-0.3000000000000001,0.005234214979531089,1.416431003746613
10.,0.39999999999999986,-0.2666666666666667,0.004066093830620376,2.1658069057823797
10.,0.39999999999999986,-0.23333333333333323,0.0032365853114172923,2.780892321699162
10.,0.39999999999999986,-0.19999999999999998,0.0028976196185885187,-2.866365877294605
10.,0.39999999999999986,-0.1666666666666668,0.0022888056603073367,-2.127152325259431
10.,0.39999999999999986,-0.13333333333333347,0.0015761449015927588,-1.3123829736115902
10.,0.39999999999999986,-0.09999999999999999,0.0009367881594444223,-0.7068328788545738
10.,0.39999999999999986,-0.06666666666666665,0.00041569284185838043,-0.35159542101798136
10.,0.39999999999999986,-0.033333333333333326,0.00023581911507620818,-0.4130935478386965
10.,0.39999999999999986,-7.780343540788976e-17,0.0003132020510097845,-0.7957262211785967
10.,0.39999999999999986,0.033333333333333326,0.0005375663772914742,-1.1871705495411577
10.,0.39999999999999986,0.06666666666666658,0.0009526965048567728,-1.5475140763974171
10.,0.39999999999999986,0.09999999999999983,0.0010238078130130868,-1.7292171967703338
10.,0.39999999999999986,0.1333333333333334,0.0005911573007661572,-1.135357756641889
10.,0.39999999999999986,0.16666666666666657,0.0014260201400683797,-0.6075468980238526
10.,0.39999999999999986,0.20000000000000004,0.0025030069524512306,-1.2231967560414947
10.,0.39999999999999986,0.2333333333333333,0.0036153055996200898,-1.9139284748646324
10.,0.39999999999999986,0.26666666666666655,0.0045562930591266535,-2.4690251102814487
10.,0.39999999999999986,0.29999999999999993,0.005777148950768445,-3.0489169164900134
10.,0.39999999999999986,0.3333333333333332,0.007273571404257982,2.511962966904813
10.,0.39999999999999986,0.3666666666666667,0.009041866811425317,1.636124055532921
10.,0.39999999999999986,0.39999999999999997,0.0095543596526337,0.6943351223726419
10.,0.39999999999999986,0.4333333333333331,0.008229349507673442,-0.47529649255755174
10.,0.39999999999999986,0.4666666666666666,0.00648089784927491,-1.6888993021142826
10.,0.39999999999999986,0.49999999999999983,0.0035681098185885727,-2.9269816235393393
10.,0.39999999999999986,0.5333333333333334,0.001576195034248669,1.745376791347167
10.,0.39999999999999986,0.5666666666666667,0.0010621364473339967,0.7060490387593619
10.,0.39999999999999986,0.6,0.00029179682893549613,1.140926141672516
10.,0.39999999999999986,0.6333333333333332,0.00010015685171276051,3.0385344144336583
10.,0.39999999999999986,0.6666666666666665,0.000045303718815773136,2.2940895169314093
10.,0.39999999999999986,0.7,0.00007243517056286069,1.9260953056542938
10.,0.39999999999999986,0.7333333333333333,0.000039822566555857566,2.747463969162871
10.,0.39999999999999986,0.7666666666666668,0.000026072557455828796,-1.1405015454971872
10.,0.39999999999999986,0.8,0.00003267029310127846,-0.1558346108317013
10.,0.39999999999999986,0.8333333333333333,8.083184730796337e-6,1.5567174787891143
10.,0.39999999999999986,0.8666666666666666,0.000027925085153726492,-2.6875870036197567
10.,0.39999999999999986,0.8999999999999998,0.00003092451953505932,-2.2061973578300194
10.,0.39999999999999986,0.9333333333333333,0.00002415883473568988,-1.172035774267048
10.,0.39999999999999986,0.9666666666666666,0.000020039333776957637,-0.514918855905778
10.,0.49999999999999994,-1.,0.00003305672495707509,-1.753152373115861
10.,0.49999999999999994,-0.9666666666666668,0.00003681254161055508,-1.5276710360332564
10.,0.49999999999999994,-0.9333333333333332,0.00002469202498814496,-1.4431486824099407
10.,0.49999999999999994,-0.8999999999999999,0.00001254648510006893,0.10953300081661714
10.,0.49999999999999994,-0.8666666666666667,0.000028692670376085192,0.9120225901282393
10.,0.49999999999999994,-0.8333333333333335,0.00002376962780549118,0.9666490733165043
10.,0.49999999999999994,-0.8,0.000021510702954284018,-0.7871120582574745
10.,0.49999999999999994,-0.7666666666666666,0.00004355451867130978,-1.0041491407774692
10.,0.49999999999999994,-0.7333333333333334,0.00004034627118626602,-0.7732713189607685
10.,0.49999999999999994,-0.7,0.000025932235803218618,0.17834897863929422
10.,0.49999999999999994,-0.6666666666666669,0.000010397737812447172,1.0186440071107283
10.,0.49999999999999994,-0.6333333333333335,0.000022370572725552135,2.107136739921624
10.,0.49999999999999994,-0.6000000000000001,0.0001673333727276499,1.485615447578677
10.,0.49999999999999994,-0.5666666666666668,0.0003695069769877291,1.093661711859884
10.,0.49999999999999994,-0.5333333333333332,0.0003885937959265663,1.3919227800442953
10.,0.49999999999999994,-0.5,0.0005168060119844802,1.8507462057751385
10.,0.49999999999999994,-0.4666666666666668,0.0012894217019504082,2.515501872928651
10.,0.49999999999999994,-0.43333333333333335,0.002858746620924012,-2.6373838823535816
10.,0.49999999999999994,-0.39999999999999997,0.004921039132251334,-1.5197233672578303
10.,0.49999999999999994,-0.3666666666666667,0.00661286800297844,-0.41173668337933134
10.,0.49999999999999994,-0.3333333333333334,0.00796010435807778,0.6406246780959871
10.,0.49999999999999994,-0.3000000000000001,0.008821110100766767,1.5463477104030705
10.,0.49999999999999994,-0.2666666666666667,0.008892757654242692,2.3194310151401045
10.,0.49999999999999994,-0.23333333333333323,0.00884752837174059,3.008733072089885
10.,0.49999999999999994,-0.19999999999999998,0.008652487938325152,-2.675290930959881
10.,0.49999999999999994,-0.1666666666666668,0.008062653778262813,-2.129924111982803
10.,0.49999999999999994,-0.13333333333333347,0.0076077082703746865,-1.674525078312512
10.,0.49999999999999994,-0.09999999999999999,0.007274643587730207,-1.3294547055005683
10.,0.49999999999999994,-0.06666666666666665,0.006817733408357664,-1.051217480553612
10.,0.49999999999999994,-0.033333333333333326,0.006522490849548683,-0.8239183836906456
10.,0.49999999999999994,-7.780343540788976e-17,0.006546329862500784,-0.6925493310871855
10.,0.49999999999999994,0.033333333333333326,0.006781435591141903,-0.6295143486555034
10.,0.49999999999999994,0.06666666666666658,0.007140098228432991,-0.6321577767589692
10.,0.49999999999999994,0.09999999999999983,0.00734604804704738,-0.7122052609052086
10.,0.49999999999999994,0.1333333333333334,0.007587299695298365,-0.8223802599934783
10.,0.49999999999999994,0.16666666666666657,0.008394374566722802,-0.9996627915710535
10.,0.49999999999999994,0.20000000000000004,0.00923559426112528,-1.360313853402715
10.,0.49999999999999994,0.2333333333333333,0.00976805467901655,-1.8474455625254405
10.,0.49999999999999994,0.26666666666666655,0.009801387422694388,-2.3359147123452826
10.,0.49999999999999994,0.29999999999999993,0.009827606247243237,-2.9130031104596323
10.,0.49999999999999994,0.3333333333333332,0.009472926621375019,2.663533090483382
10.,0.49999999999999994,0.3666666666666667,0.008301967902066417,1.8206161547739719
10.,0.49999999999999994,0.39999999999999997,0.006182441990040034,0.9454471337605103
10.,0.49999999999999994,0.4333333333333331,0.003535457040202526,-0.04704890004083752
10.,0.49999999999999994,0.4666666666666666,0.0016311232482319506,-1.0937771932860358
10.,0.49999999999999994,0.49999999999999983,0.0003654063183729066,-1.8279864899441838
10.,0.49999999999999994,0.5333333333333334,0.00042095509880408344,-0.15872969489134556
10.,0.49999999999999994,0.5666666666666667,0.000469363091195251,-0.01768756368769868
10.,0.49999999999999994,0.6,0.00017321726602353724,0.9235652706726039
10.,0.49999999999999994,0.6333333333333332,0.0000705353983615135,2.5957060917404764
10.,0.49999999999999994,0.6666666666666665,0.000022214659757841598,3.03324507992497
10.,0.49999999999999994,0.7,0.0000484184067860132,2.1330449326495886
10.,0.49999999999999994,0.7333333333333333,0.00004559144099774336,2.9277111318124893
10.,0.49999999999999994,0.7666666666666668,0.00003094563182530928,-2.484357943380321
10.,0.49999999999999994,0.8,0.00001589893298679427,1.5768554119036509
10.,0.49999999999999994,0.8333333333333333,0.00004809345382157712,2.172255991622502
10.,0.49999999999999994,0.8666666666666666,0.000059183989581083546,2.915061905532538
10.,0.49999999999999994,0.8999999999999998,0.0000528241428139031,-2.9690299055707445
10.,0.49999999999999994,0.9333333333333333,0.000032493748623831175,-2.550802054960419
10.,0.49999999999999994,0.9666666666666666,0.000028790048736120768,-2.06507224221475
10.,0.5999999999999999,-1.,0.00004153124099060913,-2.3058765728481587
10.,0.5999999999999999,-0.9666666666666668,0.00004696889063202916,-2.0963082179991233
10.,0.5999999999999999,-0.9333333333333332,0.00003455604646218947,-1.7428812558959417
10.,0.5999999999999999,-0.8999999999999999,0.00002784071233103287,-0.6588469255661593
10.,0.5999999999999999,-0.8666666666666667,0.000031299595845354156,-0.0776466266366272
10.,0.5999999999999999,-0.8333333333333335,0.000019775539366877807,-0.4976146686175657
10.,0.5999999999999999,-0.8,0.00003432176419994447,-1.15415555814634
10.,0.5999999999999999,-0.7666666666666666,0.00003813560715723518,-0.9473279369283959
10.,0.5999999999999999,-0.7333333333333334,0.000027614529076487652,-0.47589356880510203
10.,0.5999999999999999,-0.7,0.000018683801527021618,-0.2604123512876483
10.,0.5999999999999999,-0.6666666666666669,0.000012806936196610384,2.6257553077841935
10.,0.5999999999999999,-0.6333333333333335,3.931025349763283e-6,-0.17564207655324204
10.,0.5999999999999999,-0.6000000000000001,0.00008029253874667391,2.257243320038227
10.,0.5999999999999999,-0.5666666666666668,0.00020988257601613257,2.406331195346524
10.,0.5999999999999999,-0.5333333333333332,0.00015461044083409016,2.6122798171441883
10.,0.5999999999999999,-0.5,0.00013704006715078152,-2.415534185240316
10.,0.5999999999999999,-0.4666666666666668,0.00016075259587974538,-0.7806987701861327
10.,0.5999999999999999,-0.43333333333333335,0.00019987193628470296,-0.00806287736279989
10.,0.5999999999999999,-0.39999999999999997,0.00029695731792770926,-1.0553442519784688
10.,0.5999999999999999,-0.3666666666666667,0.0008425790958842463,-0.062427788319378966
10.,0.5999999999999999,-0.3333333333333334,0.002238142716587638,0.9196260186553001
10.,0.5999999999999999,-0.3000000000000001,0.0037404048807297805,1.6438747912345844
10.,0.5999999999999999,-0.2666666666666667,0.004924071042165591,2.415213244379994
10.,0.5999999999999999,-0.23333333333333323,0.006259555013353888,3.1174934221836583
10.,0.5999999999999999,-0.19999999999999998,0.007133442560752609,-2.589707381427396
10.,0.5999999999999999,-0.1666666666666668,0.007667760172830131,-2.084664161054198
10.,0.5999999999999999,-0.13333333333333347,0.008330543822530925,-1.665126271443693
10.,0.5999999999999999,-0.09999999999999999,0.008840039275822258,-1.322816221976086
10.,0.5999999999999999,-0.06666666666666665,0.008904098795774681,-1.0371484095944385
10.,0.5999999999999999,-0.033333333333333326,0.008903777291696524,-0.8056201449598082
10.,0.5999999999999999,-7.780343540788976e-17,0.00904977412995066,-0.6680663858405014
10.,0.5999999999999999,0.033333333333333326,0.009233209583608877,-0.609238118600371
10.,0.5999999999999999,0.06666666666666658,0.009350249431971125,-0.6135762935808147
10.,0.5999999999999999,0.09999999999999983,0.009170399354009188,-0.6878318481374447
10.,0.5999999999999999,0.1333333333333334,0.00879811320135713,-0.8182615622931451
10.,0.5999999999999999,0.16666666666666657,0.00852615684949689,-1.0228822094554753
10.,0.5999999999999999,0.20000000000000004,0.007924795065719912,-1.3533917197311365
10.,0.5999999999999999,0.2333333333333333,0.006831467643564896,-1.791271824537308
10.,0.5999999999999999,0.26666666666666655,0.005528075876450969,-2.2383937828422944
10.,0.5999999999999999,0.29999999999999993,0.004364677250828616,-2.771031424532159
10.,0.5999999999999999,0.3333333333333332,0.0029592147963180123,2.8336494134040713
10.,0.5999999999999999,0.3666666666666667,0.0015571265603129968,1.9943607314404932
10.,0.5999999999999999,0.39999999999999997,0.0005323010376847295,1.4746873733947767
10.,0.5999999999999999,0.4333333333333331,0.00018793652644733222,1.695688643358418
10.,0.5999999999999999,0.4666666666666666,0.00018650223913957033,1.3945549643248933
10.,0.5999999999999999,0.49999999999999983,0.00011024198572192836,1.134430335852239
10.,0.5999999999999999,0.5333333333333334,0.0002508619492071197,0.21387526519737665
10.,0.5999999999999999,0.5666666666666667,0.0003548705638397724,0.2549066840096894
10.,0.5999999999999999,0.6,0.00014922041890694988,1.0655102688058857
10.,0.5999999999999999,0.6333333333333332,0.00007263389494795592,2.403667885937303
10.,0.5999999999999999,0.6666666666666665,7.789178239726809e-6,-0.4501281215313726
10.,0.5999999999999999,0.7,0.000022708268595195547,1.3397857741147918
10.,0.5999999999999999,0.7333333333333333,0.000027042746823303353,2.8853468944225678
10.,0.5999999999999999,0.7666666666666668,0.000026578373576882924,-2.415342365927302
10.,0.5999999999999999,0.8,0.000013356165582750858,0.8712279900136534
10.,0.5999999999999999,0.8333333333333333,0.000046816846168172105,1.7867440903604888
10.,0.5999999999999999,0.8666666666666666,0.00005608076331711531,2.242430079415025
10.,0.5999999999999999,0.8999999999999998,0.00004256394458638877,2.4772432649418255
10.,0.5999999999999999,0.9333333333333333,0.00003141410464277802,2.652472228188077
10.,0.5999999999999999,0.9666666666666666,0.000027214372963202776,-2.9552500142204643
10.,0.6999999999999996,-1.,0.0000348053385058355,-2.4379318605476987
10.,0.6999999999999996,-0.9666666666666668,0.000040619101089176945,-2.3935393846293698
10.,0.6999999999999996,-0.9333333333333332,0.000022595254941035862,-2.0104249555112297
10.,0.6999999999999996,-0.8999999999999999,0.000022147011412437655,-0.19792646056028523
10.,0.6999999999999996,-0.8666666666666667,0.000032704222204037096,0.13721005042810946
10.,0.6999999999999996,-0.8333333333333335,0.000016876808069783154,-0.4243777690630907
10.,0.6999999999999996,-0.8,0.00002187445172107667,-1.3332873002387184
10.,0.6999999999999996,-0.7666666666666666,0.00002413742980150737,-0.9916704008108196
10.,0.6999999999999996,-0.7333333333333334,0.00001557651206106235,-0.7136506466048828
10.,0.6999999999999996,-0.7,0.000010082054351635742,-1.019119008253952
10.,0.6999999999999996,-0.6666666666666669,0.000010131550620123918,2.8918595896504606
10.,0.6999999999999996,-0.6333333333333335,0.000027208284222591285,-0.21222371961630418
10.,0.6999999999999996,-0.6000000000000001,0.00007169383959198141,-2.1737586534583104
10.,0.6999999999999996,-0.5666666666666668,0.00017153484832723316,-2.9149094968328098
10.,0.6999999999999996,-0.5333333333333332,0.00013523503266417222,2.037738363524679
10.,0.6999999999999996,-0.5,0.00017318614883562346,2.0271722669815895
10.,0.6999999999999996,-0.4666666666666668,0.00008719909520089345,2.7340051858775642
10.,0.6999999999999996,-0.43333333333333335,0.00004364489832562557,-0.029174814542062603
10.,0.6999999999999996,-0.39999999999999997,0.00021435500861428973,-2.7489436093399426
10.,0.6999999999999996,-0.3666666666666667,0.000557398754012688,-2.7332320238045247
10.,0.6999999999999996,-0.3333333333333334,0.0003992540506734527,-2.53126001694173
10.,0.6999999999999996,-0.3000000000000001,0.00012561500805386745,-0.8066191574032109
10.,0.6999999999999996,-0.2666666666666667,0.00004107524887144946,2.0084877281675197
10.,0.6999999999999996,-0.23333333333333323,0.0005006715006384455,-2.9696106382275596
10.,0.6999999999999996,-0.19999999999999998,0.0009097833316249465,-2.524370477950627
10.,0.6999999999999996,-0.1666666666666668,0.0013277848203519457,-2.0922306307563625
10.,0.6999999999999996,-0.13333333333333347,0.001810515657341783,-1.7117620204641137
10.,0.6999999999999996,-0.09999999999999999,0.0022363598043359033,-1.3762130951861793
10.,0.6999999999999996,-0.06666666666666665,0.002511640154003916,-1.085988980842232
10.,0.6999999999999996,-0.033333333333333326,0.002704364234426707,-0.852758623844184
10.,0.6999999999999996,-7.780343540788976e-17,0.002853911676383968,-0.6938274685604813
10.,0.6999999999999996,0.033333333333333326,0.0029285319486102093,-0.6113465418032301
10.,0.6999999999999996,0.06666666666666658,0.0028142350010117454,-0.6211535592392693
10.,0.6999999999999996,0.09999999999999983,0.002480404255634193,-0.7134999435575162
10.,0.6999999999999996,0.1333333333333334,0.0020610627915997634,-0.8441882866871524
10.,0.6999999999999996,0.16666666666666657,0.001680413979797323,-1.0242144214190294
10.,0.6999999999999996,0.20000000000000004,0.0012050047926926593,-1.337805403095052
10.,0.6999999999999996,0.2333333333333333,0.0005868540937627458,-1.8166055755181334
10.,0.6999999999999996,0.26666666666666655,0.00007488156093595097,-2.115648836418223
10.,0.6999999999999996,0.29999999999999993,0.00019612146148185642,-0.035745553958867804
10.,0.6999999999999996,0.3333333333333332,0.0004003031504317671,-0.31006758672779094
10.,0.6999999999999996,0.3666666666666667,0.00022166870349374165,-0.3575422305767163
10.,0.6999999999999996,0.39999999999999997,0.00013281908422321917,3.0427877315066896
10.,0.6999999999999996,0.4333333333333331,0.00007358761676733233,-2.274265790267345
10.,0.6999999999999996,0.4666666666666666,0.00013429697151234605,-0.8967924846664959
10.,0.6999999999999996,0.49999999999999983,0.00017763422824506825,-1.761825477089771
10.,0.6999999999999996,0.5333333333333334,0.00013712843830289073,-1.9625597152906182
10.,0.6999999999999996,0.5666666666666667,0.00021240535534847144,0.7402837366995175
10.,0.6999999999999996,0.6,0.000240227945296894,1.0770696896799388
10.,0.6999999999999996,0.6333333333333332,0.00007102693704025761,2.0545791230528
10.,0.6999999999999996,0.6666666666666665,0.000012351349792279337,-1.2409775070904119
10.,0.6999999999999996,0.7,0.00002828345628073175,0.22348022999836198
10.,0.6999999999999996,0.7333333333333333,0.000010749127470951676,1.3425249282180174
10.,0.6999999999999996,0.7666666666666668,7.2945442501878605e-6,-1.5716267528969075
10.,0.6999999999999996,0.8,0.000018105210331498153,0.31612571609328427
10.,0.6999999999999996,0.8333333333333333,0.000036930078811441945,1.5305255821035022
10.,0.6999999999999996,0.8666666666666666,0.00003875469929687743,2.0918149182631365
10.,0.6999999999999996,0.8999999999999998,0.00002282552156317438,2.5583463830538635
10.,0.6999999999999996,0.9333333333333333,0.00001709100266933377,2.3317782947204226
10.,0.6999999999999996,0.9666666666666666,0.000013733536342676024,2.9567382085736376
10.,0.7999999999999999,-1.,0.000014908706117314075,2.8949311237068396
10.,0.7999999999999999,-0.9666666666666668,0.000015873932057341157,-2.0995495491994283
10.,0.7999999999999999,-0.9333333333333332,0.000020414291993824124,-1.1716336310581574
10.,0.7999999999999999,-0.8999999999999999,0.0000286886603001777,-0.24897802296721497
10.,0.7999999999999999,-0.8666666666666667,0.000029440244762862413,0.03715308829759986
10.,0.7999999999999999,-0.8333333333333335,0.000010694326208763848,-0.39776684886086017
10.,0.7999999999999999,-0.8,9.848199369572447e-6,-2.41766802604686
10.,0.7999999999999999,-0.7666666666666666,0.000011201734496706159,-1.8572279381113845
10.,0.7999999999999999,-0.7333333333333334,0.000017377688216085086,-1.708000003485496
10.,0.7999999999999999,-0.7,8.672402067084126e-6,-1.9570538101793646
10.,0.7999999999999999,-0.6666666666666669,0.000013853410818562175,1.406651248244325
10.,0.7999999999999999,-0.6333333333333335,0.0000330034911267937,0.7454007353351797
10.,0.7999999999999999,-0.6000000000000001,0.00006378818636483569,-0.46225180217064343
10.,0.7999999999999999,-0.5666666666666668,0.00010096590346298504,-0.5853828032824213
10.,0.7999999999999999,-0.5333333333333332,0.00011873273069423437,1.0661224098796171
10.,0.7999999999999999,-0.5,0.00016598542409113247,1.8566276404656774
10.,0.7999999999999999,-0.4666666666666668,0.00008046700597628018,-0.09618087572025082
10.,0.7999999999999999,-0.43333333333333335,0.0003348220247942771,-0.20975845963238315
10.,0.7999999999999999,-0.39999999999999997,0.0001836136566722415,-0.4064542606691463
10.,0.7999999999999999,-0.3666666666666667,0.00018925232934337172,-2.170016556929264
10.,0.7999999999999999,-0.3333333333333334,0.00010077913539988503,-1.7085602663222794
10.,0.7999999999999999,-0.3000000000000001,0.00015323623899689566,0.4934678810015816
10.,0.7999999999999999,-0.2666666666666667,0.0001251724343907406,0.43331182626904663
10.,0.7999999999999999,-0.23333333333333323,0.00015043159563111875,0.1285284377031961
10.,0.7999999999999999,-0.19999999999999998,0.0002710606250980977,0.6782596840621884
10.,0.7999999999999999,-0.1666666666666668,0.000378986682731303,1.1824166295966205
10.,0.7999999999999999,-0.13333333333333347,0.00043970511724563245,1.6425764405772765
10.,0.7999999999999999,-0.09999999999999999,0.00046491464164982374,1.9799584036787596
10.,0.7999999999999999,-0.06666666666666665,0.0004091617150254644,2.2217144795178956
10.,0.7999999999999999,-0.033333333333333326,0.00030854999916903205,2.5081441085197964
10.,0.7999999999999999,-7.780343540788976e-17,0.00019926823454974945,2.5440069336524984
10.,0.7999999999999999,0.033333333333333326,0.0002074722044262793,1.9031234405099011
10.,0.7999999999999999,0.06666666666666658,0.0003794204920011096,2.0480788468000255
10.,0.7999999999999999,0.09999999999999983,0.0005035801189570509,2.357676433011201
10.,0.7999999999999999,0.1333333333333334,0.00043935288909721865,2.3087575892445655
10.,0.7999999999999999,0.16666666666666657,0.0002987016067831246,1.8156243257935862
10.,0.7999999999999999,0.20000000000000004,0.00021579881978148384,1.5166610128197813
10.,0.7999999999999999,0.2333333333333333,0.00017263866742084594,1.7012858035913845
10.,0.7999999999999999,0.26666666666666655,0.0001368129922415895,1.3907017380136146
10.,0.7999999999999999,0.29999999999999993,0.000094994012992969,0.7495127733386178
10.,0.7999999999999999,0.3333333333333332,0.000047453211797695316,0.8858469261652643
10.,0.7999999999999999,0.3666666666666667,0.00018099288788761344,1.8862366845204839
10.,0.7999999999999999,0.39999999999999997,0.00025057668535084364,2.5510846395242277
10.,0.7999999999999999,0.4333333333333331,0.00025212698972475336,-2.8766539007982255
10.,0.7999999999999999,0.4666666666666666,0.0000657978948632953,-1.469277821727514
10.,0.7999999999999999,0.49999999999999983,0.000166134096235142,-0.3974456803335389
10.,0.7999999999999999,0.5333333333333334,0.00022910130257655442,-0.5836594340696162
10.,0.7999999999999999,0.5666666666666667,0.00033959353591480484,-0.1158542409890028
10.,0.7999999999999999,0.6,0.00024123607123166177,0.3695594458747129
10.,0.7999999999999999,0.6333333333333332,0.00004646751278646472,1.503356750829818
10.,0.7999999999999999,0.6666666666666665,0.000024318639557429623,-1.9586712740239138
10.,0.7999999999999999,0.7,0.00001659213713115623,-0.44877976916338536
10.,0.7999999999999999,0.7333333333333333,5.999730530194005e-6,2.6667340454752497
10.,0.7999999999999999,0.7666666666666668,0.00001646598895847154,-1.646057714888433
10.,0.7999999999999999,0.8,0.00002839112971513338,-0.1835580684422126
10.,0.7999999999999999,0.8333333333333333,0.00004506006715702886,1.0208046624066653
10.,0.7999999999999999,0.8666666666666666,0.00004984113880757901,1.6843189136060484
10.,0.7999999999999999,0.8999999999999998,0.00004470417383895451,2.096745874008205
10.,0.7999999999999999,0.9333333333333333,0.00004593416538573362,2.0967785132160563
10.,0.7999999999999999,0.9666666666666666,0.00003543396788055121,2.103335542887144
10.,0.8999999999999999,-1.,6.477823272353735e-6,1.5534452341571685
10.,0.8999999999999999,-0.9666666666666668,0.000017902939357620588,-1.6885690720771307
10.,0.8999999999999999,-0.9333333333333332,0.00003980741798884032,-1.6145546574197904
10.,0.8999999999999999,-0.8999999999999999,0.00004305541005250694,-1.4639624656431562
10.,0.8999999999999999,-0.8666666666666667,0.00003249337113869075,-1.4268414887926972
10.,0.8999999999999999,-0.8333333333333335,0.000017497790900604247,-1.9835732172051967
10.,0.8999999999999999,-0.8,0.00001764990392922925,2.8687953888666518
10.,0.8999999999999999,-0.7666666666666666,0.00001002646608937351,2.2948801916640242
10.,0.8999999999999999,-0.7333333333333334,0.000018247027248382715,-0.4913710039687884
10.,0.8999999999999999,-0.7,0.000031373263227395406,-0.654395260970485
10.,0.8999999999999999,-0.6666666666666669,7.656561446257818e-6,-1.1776630364328284
10.,0.8999999999999999,-0.6333333333333335,0.000015463598306257566,1.7979181185319961
10.,0.8999999999999999,-0.6000000000000001,0.00009683732973383074,0.16444924771922567
10.,0.8999999999999999,-0.5666666666666668,0.00020189644995904506,-0.1315140779644188
10.,0.8999999999999999,-0.5333333333333332,0.0001922642226111767,0.13016113080485386
10.,0.8999999999999999,-0.5,0.00024329242419160165,0.6220285452791819
10.,0.8999999999999999,-0.4666666666666668,0.00033692280300807813,0.32722690297010304
10.,0.8999999999999999,-0.43333333333333335,0.00036890096491277975,0.11023484809052346
10.,0.8999999999999999,-0.39999999999999997,0.0001674922022614861,0.6174689582954
10.,0.8999999999999999,-0.3666666666666667,0.00019162498760479113,3.0413531700673277
10.,0.8999999999999999,-0.3333333333333334,0.0002448071590878452,-2.324553803649782
10.,0.8999999999999999,-0.3000000000000001,0.00011137846076540614,-1.0122268238245957
10.,0.8999999999999999,-0.2666666666666667,0.00009590786844212815,0.6105309831045639
10.,0.8999999999999999,-0.23333333333333323,0.000018806322293408584,1.0709730871529604
10.,0.8999999999999999,-0.19999999999999998,0.00003748665457443999,-2.0625697308200834
10.,0.8999999999999999,-0.1666666666666668,0.00007046259609599733,-0.7656137704338845
10.,0.8999999999999999,-0.13333333333333347,0.00016977740032086996,-0.327218606173477
10.,0.8999999999999999,-0.09999999999999999,0.00017042884952231767,0.03787201931390811
10.,0.8999999999999999,-0.06666666666666665,0.00016278574675923513,0.4281776694134488
10.,0.8999999999999999,-0.033333333333333326,0.0001490882028476832,0.2852102979884126
10.,0.8999999999999999,-7.780343540788976e-17,0.00016263759420252655,0.12014165719168429
10.,0.8999999999999999,0.033333333333333326,0.00023002074452021997,0.4786858357475584
10.,0.8999999999999999,0.06666666666666658,0.0002255823746471093,0.99846980879415
10.,0.8999999999999999,0.09999999999999983,0.00009920379408435267,1.4459974933355937
10.,0.8999999999999999,0.1333333333333334,0.00006015636749557428,-0.1818343002336424
10.,0.8999999999999999,0.16666666666666657,0.00011390914442708077,-0.37201557127845913
10.,0.8999999999999999,0.20000000000000004,0.00004080127140912838,-1.2034988730400438
10.,0.8999999999999999,0.2333333333333333,0.00008440955837186839,2.755294737343124
10.,0.8999999999999999,0.26666666666666655,0.00007466215157490046,1.8105510793450283
10.,0.8999999999999999,0.29999999999999993,0.00010629380313752126,0.6945826311602976
10.,0.8999999999999999,0.3333333333333332,0.00011393550565069555,0.023270118241699455
10.,0.8999999999999999,0.3666666666666667,0.00011466201223680293,-0.8777381403477759
10.,0.8999999999999999,0.39999999999999997,0.00010512942138387093,-2.450766618493556
10.,0.8999999999999999,0.4333333333333331,0.0002231471904777484,-2.298910726177652
10.,0.8999999999999999,0.4666666666666666,0.0003185302399099774,-1.4456407045160615
10.,0.8999999999999999,0.49999999999999983,0.0002704168086994038,-0.5102331743634556
10.,0.8999999999999999,0.5333333333333334,0.0003996988489296913,-0.05235183677957588
10.,0.8999999999999999,0.5666666666666667,0.0005110540430021776,-0.2007300278880735
10.,0.8999999999999999,0.6,0.0002728555250846939,-0.009271680848955414
10.,0.8999999999999999,0.6333333333333332,0.00003764226051752329,1.6714623665214203
10.,0.8999999999999999,0.6666666666666665,0.000046832200951134376,-2.1485378552112633
10.,0.8999999999999999,0.7,0.00003465549372946515,-0.732559271151171
10.,0.8999999999999999,0.7333333333333333,0.000026856970302120164,0.9210057849655101
10.,0.8999999999999999,0.7666666666666668,6.840586068973594e-6,1.7125176377092426
10.,0.8999999999999999,0.8,0.00002568426168311023,-0.5011737510863757
10.,0.8999999999999999,0.8333333333333333,0.00004017311982531622,0.4379750570129566
10.,0.8999999999999999,0.8666666666666666,0.000051533619303606474,0.9783405713629839
10.,0.8999999999999999,0.8999999999999998,0.00004710299372591909,1.1439270571630795
10.,0.8999999999999999,0.9333333333333333,0.000042025779073851904,1.375273902726853
10.,0.8999999999999999,0.9666666666666666,0.000030371411162756512,1.4827568306617325
